{
"type": "FeatureCollection",
"name": "roads",
"crs": { "type": "name", "properties": { "name": "urn:ogc:def:crs:OGC:1.3:CRS84" } },
"features": [
{ "type": "Feature", "properties": { "osm_id": "22688386", "name": "Velachery Bypass Road", "highway": "primary" }, "geometry": { "type": "LineString", "coordinates": [ [ 80.2196271, 12.9914386 ], [ 80.2195551, 12.9913215 ], [ 80.2192915, 12.9905341 ], [ 80.2191001, 12.9900216 ], [ 80.2189178, 12.9895322 ], [ 80.2187315, 12.9890468 ], [ 80.2185724, 12.9885725 ], [ 80.2185055, 12.9883073 ], [ 80.2184435, 12.9879886 ], [ 80.2183524, 12.9874273 ] ] } },
{ "type": "Feature", "properties": { "osm_id": "23079581", "name": "RajaLaxmi Nagar 3rd Main Road", "highway": "tertiary" }, "geometry": { "type": "LineString", "coordinates": [ [ 80.217938, 12.9842224 ], [ 80.2185792, 12.9843056 ], [ 80.2187995, 12.9843314 ], [ 80.218905, 12.9843438 ], [ 80.2189374, 12.9843476 ], [ 80.219046, 12.9843603 ], [ 80.2190934, 12.9843659 ] ] } },
{ "type": "Feature", "properties": { "osm_id": "25562473", "name": "Gangai Amman Koil Street", "highway": "residential" }, "geometry": { "type": "LineString", "coordinates": [ [ 80.2184145, 12.9883099 ], [ 80.2176869, 12.9884057 ], [ 80.2171809, 12.9884853 ], [ 80.2169403, 12.9885383 ], [ 80.2167365, 12.9886324 ], [ 80.2165581, 12.9887474 ], [ 80.2164227, 12.9888454 ], [ 80.2163878, 12.9889068 ], [ 80.2163098, 12.989104 ], [ 80.2162966, 12.9891825 ], [ 80.2162567, 12.9895385 ], [ 80.2162505, 12.9896216 ], [ 80.2162177, 12.9899355 ] ] } },
{ "type": "Feature", "properties": { "osm_id": "25689918", "name": "Taramani Link Road", "highway": "primary" }, "geometry": { "type": "LineString", "coordinates": [ [ 80.2227628, 12.9769934 ], [ 80.223144, 12.9772234 ], [ 80.2235307, 12.9774565 ], [ 80.2246021, 12.9781163 ], [ 80.224769, 12.9782125 ], [ 80.2250841, 12.9783943 ] ] } },
{ "type": "Feature", "properties": { "osm_id": "26551307", "name": "Lake View Road", "highway": "residential" }, "geometry": { "type": "LineString", "coordinates": [ [ 80.2054838, 12.9878045 ], [ 80.2069894, 12.9876176 ], [ 80.2075579, 12.9876223 ], [ 80.20858, 12.9876315 ], [ 80.209207, 12.987637 ], [ 80.2104598, 12.9873965 ], [ 80.2104945, 12.9873945 ], [ 80.2114078, 12.9873145 ], [ 80.2120309, 12.9872523 ], [ 80.213009, 12.9870544 ], [ 80.2136016, 12.9869345 ] ] } },
{ "type": "Feature", "properties": { "osm_id": "27319407", "name": "main road", "highway": "residential" }, "geometry": { "type": "LineString", "coordinates": [ [ 80.2115508, 12.9720213 ], [ 80.2106706, 12.9721615 ], [ 80.2094859, 12.9723131 ], [ 80.2093767, 12.972321 ], [ 80.2093363, 12.9722852 ], [ 80.2093394, 12.9717936 ] ] } },
{ "type": "Feature", "properties": { "osm_id": "27319434", "name": null, "highway": "residential" }, "geometry": { "type": "LineString", "coordinates": [ [ 80.212148, 12.97145 ], [ 80.2105672, 12.9716524 ], [ 80.2093394, 12.9717936 ] ] } },
{ "type": "Feature", "properties": { "osm_id": "27319724", "name": null, "highway": "residential" }, "geometry": { "type": "LineString", "coordinates": [ [ 80.2104609, 12.9775817 ], [ 80.2122065, 12.977805 ], [ 80.2125242, 12.9778418 ] ] } },
{ "type": "Feature", "properties": { "osm_id": "27319745", "name": null, "highway": "residential" }, "geometry": { "type": "LineString", "coordinates": [ [ 80.2122525, 12.9773865 ], [ 80.2122065, 12.977805 ], [ 80.2121558, 12.9782455 ] ] } },
{ "type": "Feature", "properties": { "osm_id": "27319759", "name": null, "highway": "residential" }, "geometry": { "type": "LineString", "coordinates": [ [ 80.2104943, 12.9771928 ], [ 80.2118465, 12.9773366 ], [ 80.2122001, 12.9773801 ], [ 80.2122525, 12.9773865 ] ] } },
{ "type": "Feature", "properties": { "osm_id": "27319829", "name": "Chokkalingam Nagar Road", "highway": "residential" }, "geometry": { "type": "LineString", "coordinates": [ [ 80.2127891, 12.9791936 ], [ 80.2128289, 12.9783732 ], [ 80.2129009, 12.9775035 ], [ 80.2129033, 12.9774872 ], [ 80.212909, 12.977473 ] ] } },
{ "type": "Feature", "properties": { "osm_id": "27319897", "name": null, "highway": "residential" }, "geometry": { "type": "LineString", "coordinates": [ [ 80.2116564, 12.9781717 ], [ 80.2116397, 12.9785906 ], [ 80.2116257, 12.9789436 ] ] } },
{ "type": "Feature", "properties": { "osm_id": "27319899", "name": "Nethaji Colony 6th Cross Street", "highway": "residential" }, "geometry": { "type": "LineString", "coordinates": [ [ 80.210983, 12.982113 ], [ 80.2109996, 12.9817102 ], [ 80.2110351, 12.9813117 ], [ 80.2110627, 12.9806808 ], [ 80.2111118, 12.9799106 ], [ 80.2111385, 12.9795738 ], [ 80.2111804, 12.9792201 ] ] } },
{ "type": "Feature", "properties": { "osm_id": "27319906", "name": null, "highway": "residential" }, "geometry": { "type": "LineString", "coordinates": [ [ 80.2138286, 12.9820912 ], [ 80.2138456, 12.9817255 ], [ 80.2138483, 12.9816848 ], [ 80.21387, 12.9813007 ], [ 80.213859, 12.9811603 ], [ 80.2138631, 12.9808884 ], [ 80.2138585, 12.9807758 ], [ 80.2138545, 12.9807628 ], [ 80.2138425, 12.9807451 ], [ 80.213825, 12.9807373 ], [ 80.2138035, 12.9807366 ], [ 80.213181, 12.980692 ], [ 80.213126, 12.9807085 ] ] } },
{ "type": "Feature", "properties": { "osm_id": "27319907", "name": null, "highway": "residential" }, "geometry": { "type": "LineString", "coordinates": [ [ 80.2165878, 12.9826623 ], [ 80.2159299, 12.9825931 ], [ 80.2132334, 12.9824483 ], [ 80.212877, 12.9824113 ], [ 80.2125653, 12.9823812 ], [ 80.2121849, 12.9823292 ], [ 80.212099, 12.9822656 ], [ 80.2117868, 12.982194 ], [ 80.210983, 12.982113 ] ] } },
{ "type": "Feature", "properties": { "osm_id": "27319908", "name": null, "highway": "residential" }, "geometry": { "type": "LineString", "coordinates": [ [ 80.2138631, 12.9808884 ], [ 80.2145667, 12.9809486 ], [ 80.2146907, 12.9809449 ] ] } },
{ "type": "Feature", "properties": { "osm_id": "27319909", "name": null, "highway": "residential" }, "geometry": { "type": "LineString", "coordinates": [ [ 80.2154167, 12.9809614 ], [ 80.2159569, 12.9809778 ], [ 80.2180746, 12.9810724 ] ] } },
{ "type": "Feature", "properties": { "osm_id": "27319910", "name": null, "highway": "residential" }, "geometry": { "type": "LineString", "coordinates": [ [ 80.2153619, 12.9764425 ], [ 80.2153643, 12.9767775 ], [ 80.2152943, 12.9773901 ], [ 80.215227, 12.9777648 ], [ 80.2151511, 12.9781009 ], [ 80.2150757, 12.9784772 ], [ 80.2150165, 12.9788194 ] ] } },
{ "type": "Feature", "properties": { "osm_id": "27319912", "name": "6th Main Road", "highway": "residential" }, "geometry": { "type": "LineString", "coordinates": [ [ 80.2185631, 12.9741889 ], [ 80.2171697, 12.9741773 ], [ 80.2164666, 12.9742305 ] ] } },
{ "type": "Feature", "properties": { "osm_id": "27319913", "name": null, "highway": "residential" }, "geometry": { "type": "LineString", "coordinates": [ [ 80.2185729, 12.9738228 ], [ 80.2185631, 12.9741889 ], [ 80.2185705, 12.9744638 ], [ 80.2185518, 12.9748205 ] ] } },
{ "type": "Feature", "properties": { "osm_id": "27319916", "name": "11th Main Road", "highway": "residential" }, "geometry": { "type": "LineString", "coordinates": [ [ 80.2170494, 12.9718764 ], [ 80.2176075, 12.9718357 ], [ 80.2180806, 12.9718013 ], [ 80.219175, 12.9717386 ] ] } },
{ "type": "Feature", "properties": { "osm_id": "27319920", "name": null, "highway": "residential" }, "geometry": { "type": "LineString", "coordinates": [ [ 80.2180806, 12.9718013 ], [ 80.2181057, 12.9722677 ], [ 80.2181858, 12.9726714 ], [ 80.2181852, 12.9731871 ] ] } },
{ "type": "Feature", "properties": { "osm_id": "27319921", "name": "13th Main Road", "highway": "residential" }, "geometry": { "type": "LineString", "coordinates": [ [ 80.218843, 12.9709191 ], [ 80.217994, 12.970997 ], [ 80.2175333, 12.9710802 ], [ 80.2171442, 12.9711482 ], [ 80.2170859, 12.9711815 ], [ 80.2170421, 12.9712231 ] ] } },
{ "type": "Feature", "properties": { "osm_id": "27319922", "name": null, "highway": "residential" }, "geometry": { "type": "LineString", "coordinates": [ [ 80.217994, 12.970997 ], [ 80.2180343, 12.9713557 ], [ 80.2180806, 12.9718013 ] ] } },
{ "type": "Feature", "properties": { "osm_id": "27319923", "name": "VGP Selva Nagar Main Road", "highway": "residential" }, "geometry": { "type": "LineString", "coordinates": [ [ 80.2205423, 12.9716815 ], [ 80.2199798, 12.9717808 ], [ 80.2193682, 12.9718808 ] ] } },
{ "type": "Feature", "properties": { "osm_id": "27319925", "name": "VGP Selva Nagar 1st Street", "highway": "residential" }, "geometry": { "type": "LineString", "coordinates": [ [ 80.2195067, 12.9702608 ], [ 80.2195539, 12.9702703 ], [ 80.2196875, 12.9702817 ], [ 80.2197769, 12.9702891 ], [ 80.2198786, 12.971114 ], [ 80.2199798, 12.9717808 ] ] } },
{ "type": "Feature", "properties": { "osm_id": "27319926", "name": "VGP Selva Nagar 2nd Street", "highway": "residential" }, "geometry": { "type": "LineString", "coordinates": [ [ 80.2205423, 12.9716815 ], [ 80.2205079, 12.9714412 ], [ 80.2204437, 12.971013 ] ] } },
{ "type": "Feature", "properties": { "osm_id": "27319930", "name": "Perungudi Station Road", "highway": "tertiary" }, "geometry": { "type": "LineString", "coordinates": [ [ 80.2308512, 12.9753697 ], [ 80.2296219, 12.9741259 ], [ 80.2293974, 12.9738726 ], [ 80.2293141, 12.973706 ], [ 80.2290422, 12.973162 ], [ 80.2289682, 12.9730697 ], [ 80.2269419, 12.9711007 ] ] } },
{ "type": "Feature", "properties": { "osm_id": "27319933", "name": "Bhavathi Amman Koil Street", "highway": "residential" }, "geometry": { "type": "LineString", "coordinates": [ [ 80.2128493, 12.9833068 ], [ 80.2128366, 12.983775 ], [ 80.2128366, 12.9837946 ], [ 80.2128431, 12.9838104 ], [ 80.2128517, 12.9838171 ], [ 80.2128667, 12.9838211 ], [ 80.2128989, 12.9838266 ], [ 80.2129244, 12.9838305 ], [ 80.212941, 12.9838368 ], [ 80.2129465, 12.983856 ], [ 80.2129452, 12.9838808 ], [ 80.212922, 12.9844852 ], [ 80.2129242, 12.9847857 ], [ 80.2129209, 12.9848925 ], [ 80.2129224, 12.9851812 ], [ 80.2129313, 12.9852878 ], [ 80.2129323, 12.9856616 ], [ 80.2129368, 12.985754 ], [ 80.2129426, 12.9860566 ], [ 80.2129803, 12.9865039 ], [ 80.213009, 12.9870544 ] ] } },
{ "type": "Feature", "properties": { "osm_id": "27319935", "name": null, "highway": "residential" }, "geometry": { "type": "LineString", "coordinates": [ [ 80.2165533, 12.9830393 ], [ 80.2151713, 12.9829623 ], [ 80.2150836, 12.9829628 ], [ 80.2150505, 12.982969 ] ] } },
{ "type": "Feature", "properties": { "osm_id": "27319969", "name": null, "highway": "residential" }, "geometry": { "type": "LineString", "coordinates": [ [ 80.2144024, 12.9799048 ], [ 80.2143804, 12.9794987 ] ] } },
{ "type": "Feature", "properties": { "osm_id": "27319970", "name": null, "highway": "residential" }, "geometry": { "type": "LineString", "coordinates": [ [ 80.2146268, 12.9795088 ], [ 80.2148831, 12.9795185 ], [ 80.2156282, 12.9795467 ], [ 80.2159163, 12.9795588 ], [ 80.2161314, 12.9795652 ], [ 80.216261, 12.9795696 ], [ 80.2165937, 12.9795799 ], [ 80.2168711, 12.9795877 ], [ 80.2174796, 12.9796167 ] ] } },
{ "type": "Feature", "properties": { "osm_id": "27319972", "name": null, "highway": "residential" }, "geometry": { "type": "LineString", "coordinates": [ [ 80.2153232, 12.9799251 ], [ 80.2148843, 12.9798909 ], [ 80.2147341, 12.9798896 ] ] } },
{ "type": "Feature", "properties": { "osm_id": "27319973", "name": null, "highway": "residential" }, "geometry": { "type": "LineString", "coordinates": [ [ 80.2172795, 12.9803032 ], [ 80.2163075, 12.9803526 ], [ 80.2159884, 12.9803167 ], [ 80.2156079, 12.9802572 ], [ 80.2152311, 12.9801914 ], [ 80.2144181, 12.9801133 ] ] } },
{ "type": "Feature", "properties": { "osm_id": "27319974", "name": "MGR Nagar 5th Main Road", "highway": "residential" }, "geometry": { "type": "LineString", "coordinates": [ [ 80.2132697, 12.9801645 ], [ 80.2144188, 12.9802379 ] ] } },
{ "type": "Feature", "properties": { "osm_id": "27319977", "name": "4th Cross Street", "highway": "residential" }, "geometry": { "type": "LineString", "coordinates": [ [ 80.2159843, 12.9818408 ], [ 80.2138456, 12.9817255 ] ] } },
{ "type": "Feature", "properties": { "osm_id": "27319978", "name": null, "highway": "residential" }, "geometry": { "type": "LineString", "coordinates": [ [ 80.2159642, 12.9822399 ], [ 80.2138286, 12.9820912 ], [ 80.2131876, 12.9820315 ], [ 80.2131477, 12.9820173 ], [ 80.2131236, 12.9819976 ], [ 80.2131169, 12.9819585 ], [ 80.2131141, 12.9818737 ], [ 80.2126276, 12.9818906 ], [ 80.2124841, 12.9818968 ] ] } },
{ "type": "Feature", "properties": { "osm_id": "27320095", "name": null, "highway": "residential" }, "geometry": { "type": "LineString", "coordinates": [ [ 80.2131015, 12.9844982 ], [ 80.2131289, 12.9839266 ], [ 80.2131584, 12.9838639 ], [ 80.213196, 12.9837828 ], [ 80.2132255, 12.9836861 ], [ 80.213227, 12.9829019 ], [ 80.2132334, 12.9824483 ] ] } },
{ "type": "Feature", "properties": { "osm_id": "27320119", "name": null, "highway": "residential" }, "geometry": { "type": "LineString", "coordinates": [ [ 80.2164206, 12.9736468 ], [ 80.2136613, 12.9737726 ] ] } },
{ "type": "Feature", "properties": { "osm_id": "27320131", "name": "Main Road", "highway": "residential" }, "geometry": { "type": "LineString", "coordinates": [ [ 80.21784, 12.9844609 ], [ 80.2171231, 12.9844131 ], [ 80.2167196, 12.9843949 ], [ 80.2165411, 12.9843757 ] ] } },
{ "type": "Feature", "properties": { "osm_id": "27320133", "name": "1st Cross Street", "highway": "residential" }, "geometry": { "type": "LineString", "coordinates": [ [ 80.2165533, 12.9830393 ], [ 80.2165878, 12.9826623 ], [ 80.2166103, 12.982295 ], [ 80.2166544, 12.9819307 ], [ 80.2166614, 12.9819082 ], [ 80.2166778, 12.9818925 ], [ 80.2167056, 12.9818847 ], [ 80.2167419, 12.9818853 ], [ 80.2173386, 12.9819536 ] ] } },
{ "type": "Feature", "properties": { "osm_id": "27320135", "name": null, "highway": "residential" }, "geometry": { "type": "LineString", "coordinates": [ [ 80.2210148, 12.9810784 ], [ 80.2206807, 12.9811104 ], [ 80.2206398, 12.9811248 ], [ 80.2206147, 12.9811475 ], [ 80.2205928, 12.9811744 ], [ 80.2205841, 12.9812084 ], [ 80.2205372, 12.9816619 ], [ 80.2205287, 12.9817112 ], [ 80.220513, 12.9817429 ], [ 80.2204835, 12.9817573 ], [ 80.2204514, 12.9817586 ], [ 80.2203738, 12.9817578 ], [ 80.2199103, 12.9817464 ], [ 80.2195492, 12.9816668 ], [ 80.2192985, 12.9816333 ], [ 80.218709, 12.9815596 ], [ 80.2185799, 12.9815404 ], [ 80.2180551, 12.9814744 ] ] } },
{ "type": "Feature", "properties": { "osm_id": "27320137", "name": null, "highway": "residential" }, "geometry": { "type": "LineString", "coordinates": [ [ 80.2157799, 12.9815059 ], [ 80.2147704, 12.9814475 ], [ 80.2147302, 12.9814423 ], [ 80.2146806, 12.9814358 ], [ 80.2146553, 12.9814196 ] ] } },
{ "type": "Feature", "properties": { "osm_id": "27320139", "name": "Main Road", "highway": "residential" }, "geometry": { "type": "LineString", "coordinates": [ [ 80.2165411, 12.9843757 ], [ 80.2158762, 12.9844377 ], [ 80.2145014, 12.9843623 ], [ 80.2137503, 12.9843541 ] ] } },
{ "type": "Feature", "properties": { "osm_id": "27320141", "name": "5th Main Road", "highway": "residential" }, "geometry": { "type": "LineString", "coordinates": [ [ 80.2166119, 12.9833932 ], [ 80.2150025, 12.9833195 ], [ 80.2146252, 12.9833112 ], [ 80.2135758, 12.9832734 ] ] } },
{ "type": "Feature", "properties": { "osm_id": "27320142", "name": "4th Main Road", "highway": "residential" }, "geometry": { "type": "LineString", "coordinates": [ [ 80.2135611, 12.9836701 ], [ 80.2144203, 12.9836872 ], [ 80.214737, 12.9836906 ], [ 80.2151919, 12.9837098 ], [ 80.2159977, 12.9837437 ], [ 80.2165805, 12.9837954 ] ] } },
{ "type": "Feature", "properties": { "osm_id": "27320146", "name": null, "highway": "residential" }, "geometry": { "type": "LineString", "coordinates": [ [ 80.2168711, 12.9795877 ], [ 80.2168888, 12.9799268 ] ] } },
{ "type": "Feature", "properties": { "osm_id": "27320147", "name": null, "highway": "residential" }, "geometry": { "type": "LineString", "coordinates": [ [ 80.2143845, 12.9791439 ], [ 80.2161475, 12.9793026 ] ] } },
{ "type": "Feature", "properties": { "osm_id": "27320148", "name": null, "highway": "residential" }, "geometry": { "type": "LineString", "coordinates": [ [ 80.2143406, 12.9765472 ], [ 80.2143194, 12.9769513 ], [ 80.214315, 12.9770889 ], [ 80.2143049, 12.9773199 ], [ 80.2142734, 12.9777082 ], [ 80.2142511, 12.9779777 ], [ 80.2142266, 12.978333 ], [ 80.2142263, 12.9783461 ], [ 80.2142331, 12.9783595 ] ] } },
{ "type": "Feature", "properties": { "osm_id": "27320149", "name": null, "highway": "residential" }, "geometry": { "type": "LineString", "coordinates": [ [ 80.2162531, 12.976495 ], [ 80.2153619, 12.9764425 ], [ 80.2152203, 12.9764706 ], [ 80.2143406, 12.9765472 ] ] } },
{ "type": "Feature", "properties": { "osm_id": "27320151", "name": null, "highway": "residential" }, "geometry": { "type": "LineString", "coordinates": [ [ 80.2155765, 12.9774084 ], [ 80.2152943, 12.9773901 ], [ 80.2143049, 12.9773199 ] ] } },
{ "type": "Feature", "properties": { "osm_id": "27320153", "name": null, "highway": "residential" }, "geometry": { "type": "LineString", "coordinates": [ [ 80.2151155, 12.9742645 ], [ 80.2151598, 12.9746784 ], [ 80.2151671, 12.9748185 ], [ 80.21515, 12.975157 ], [ 80.2151578, 12.9752233 ], [ 80.2151757, 12.9753747 ], [ 80.2151733, 12.9756818 ] ] } },
{ "type": "Feature", "properties": { "osm_id": "27320155", "name": null, "highway": "residential" }, "geometry": { "type": "LineString", "coordinates": [ [ 80.2164319, 12.9747602 ], [ 80.2151671, 12.9748185 ] ] } },
{ "type": "Feature", "properties": { "osm_id": "27320160", "name": "Sri Devi Karumari Amman Nagar Avenue", "highway": "residential" }, "geometry": { "type": "LineString", "coordinates": [ [ 80.216449, 12.9752769 ], [ 80.2164146, 12.9754165 ], [ 80.2163132, 12.9756844 ], [ 80.2163163, 12.9757796 ], [ 80.2163033, 12.9760836 ], [ 80.2162909, 12.9761855 ], [ 80.2162531, 12.976495 ], [ 80.2162395, 12.9766061 ], [ 80.216251, 12.9767233 ], [ 80.2162269, 12.9767723 ] ] } },
{ "type": "Feature", "properties": { "osm_id": "27320161", "name": null, "highway": "residential" }, "geometry": { "type": "LineString", "coordinates": [ [ 80.2186029, 12.9795109 ], [ 80.2183307, 12.979481 ], [ 80.2180767, 12.9794639 ], [ 80.2177081, 12.9794415 ] ] } },
{ "type": "Feature", "properties": { "osm_id": "27320162", "name": "Ram Nagar Main Road", "highway": "residential" }, "geometry": { "type": "LineString", "coordinates": [ [ 80.2161626, 12.9711221 ], [ 80.216274, 12.9715826 ], [ 80.2163499, 12.9721079 ], [ 80.2163977, 12.9725623 ], [ 80.2164019, 12.9726539 ], [ 80.2164186, 12.9730212 ], [ 80.2164253, 12.9731675 ], [ 80.216417, 12.9735621 ], [ 80.2164206, 12.9736468 ], [ 80.2164666, 12.9742305 ], [ 80.2164319, 12.9747602 ], [ 80.216449, 12.9752769 ] ] } },
{ "type": "Feature", "properties": { "osm_id": "27320164", "name": "Vijayanagar 2nd Main Road", "highway": "residential" }, "geometry": { "type": "LineString", "coordinates": [ [ 80.216449, 12.9752769 ], [ 80.2151757, 12.9753747 ] ] } },
{ "type": "Feature", "properties": { "osm_id": "27320166", "name": "Vijayanagar 1st Main Road", "highway": "residential" }, "geometry": { "type": "LineString", "coordinates": [ [ 80.2171068, 12.9757663 ], [ 80.2184046, 12.9758552 ], [ 80.2186878, 12.9758716 ], [ 80.2189812, 12.9758898 ], [ 80.219042, 12.9759093 ], [ 80.2194643, 12.9758451 ], [ 80.2201188, 12.9755981 ], [ 80.2202, 12.9756064 ], [ 80.2202557, 12.9756216 ], [ 80.2203207, 12.9756393 ], [ 80.2203991, 12.9756813 ], [ 80.2204375, 12.9757042 ] ] } },
{ "type": "Feature", "properties": { "osm_id": "27320167", "name": null, "highway": "residential" }, "geometry": { "type": "LineString", "coordinates": [ [ 80.2186582, 12.9764353 ], [ 80.2186666, 12.9762701 ], [ 80.2186878, 12.9758716 ] ] } },
{ "type": "Feature", "properties": { "osm_id": "27320171", "name": null, "highway": "residential" }, "geometry": { "type": "LineString", "coordinates": [ [ 80.2136303, 12.9724665 ], [ 80.2148331, 12.972383 ], [ 80.2150113, 12.9723609 ], [ 80.2163499, 12.9721079 ] ] } },
{ "type": "Feature", "properties": { "osm_id": "27320189", "name": null, "highway": "residential" }, "geometry": { "type": "LineString", "coordinates": [ [ 80.2150784, 12.9718177 ], [ 80.216274, 12.9715826 ] ] } },
{ "type": "Feature", "properties": { "osm_id": "27320194", "name": "6th Main Road", "highway": "residential" }, "geometry": { "type": "LineString", "coordinates": [ [ 80.213524, 12.971629 ], [ 80.2148814, 12.9714234 ], [ 80.2150899, 12.9713288 ], [ 80.2161626, 12.9711221 ] ] } },
{ "type": "Feature", "properties": { "osm_id": "27320196", "name": null, "highway": "residential" }, "geometry": { "type": "LineString", "coordinates": [ [ 80.2170241, 12.9714307 ], [ 80.216274, 12.9715826 ] ] } },
{ "type": "Feature", "properties": { "osm_id": "27320197", "name": null, "highway": "residential" }, "geometry": { "type": "LineString", "coordinates": [ [ 80.2170731, 12.9719676 ], [ 80.2163499, 12.9721079 ] ] } },
{ "type": "Feature", "properties": { "osm_id": "27320198", "name": "7th Main Road", "highway": "residential" }, "geometry": { "type": "LineString", "coordinates": [ [ 80.2181664, 12.9735563 ], [ 80.2172131, 12.9735438 ], [ 80.2171898, 12.9735591 ], [ 80.216417, 12.9735621 ] ] } },
{ "type": "Feature", "properties": { "osm_id": "27343706", "name": null, "highway": "residential" }, "geometry": { "type": "LineString", "coordinates": [ [ 80.213507, 12.9864783 ], [ 80.2132767, 12.9864848 ], [ 80.2129803, 12.9865039 ], [ 80.2117347, 12.9866121 ], [ 80.2117099, 12.9861148 ], [ 80.2116952, 12.9856771 ] ] } },
{ "type": "Feature", "properties": { "osm_id": "27343708", "name": "EB Colony 1st Street", "highway": "residential" }, "geometry": { "type": "LineString", "coordinates": [ [ 80.2103678, 12.9852584 ], [ 80.2116851, 12.98523 ], [ 80.2129224, 12.9851812 ] ] } },
{ "type": "Feature", "properties": { "osm_id": "27343709", "name": "Lakshmi Hayagriva 2nd Main Road", "highway": "residential" }, "geometry": { "type": "LineString", "coordinates": [ [ 80.2103282, 12.9857053 ], [ 80.2116952, 12.9856771 ], [ 80.2129323, 12.9856616 ] ] } },
{ "type": "Feature", "properties": { "osm_id": "27343711", "name": "Radhar Nagar Extension 2nd Street", "highway": "residential" }, "geometry": { "type": "LineString", "coordinates": [ [ 80.2140966, 12.9849115 ], [ 80.2129209, 12.9848925 ] ] } },
{ "type": "Feature", "properties": { "osm_id": "27343713", "name": "Radhar Nagar Extension 2nd Street", "highway": "residential" }, "geometry": { "type": "LineString", "coordinates": [ [ 80.2140108, 12.9852962 ], [ 80.2129313, 12.9852878 ] ] } },
{ "type": "Feature", "properties": { "osm_id": "27343715", "name": "11th Street", "highway": "residential" }, "geometry": { "type": "LineString", "coordinates": [ [ 80.2141187, 12.9856372 ], [ 80.2138417, 12.9856394 ], [ 80.2136902, 12.9856444 ], [ 80.2136727, 12.9856503 ], [ 80.2136654, 12.9856627 ], [ 80.2136593, 12.9856744 ], [ 80.2136439, 12.9857195 ], [ 80.2136292, 12.985743 ], [ 80.213618, 12.9857555 ] ] } },
{ "type": "Feature", "properties": { "osm_id": "27343720", "name": "South Street", "highway": "residential" }, "geometry": { "type": "LineString", "coordinates": [ [ 80.2165459, 12.9856943 ], [ 80.2173448, 12.9853748 ], [ 80.2175872, 12.9852798 ], [ 80.2178505, 12.9852018 ] ] } },
{ "type": "Feature", "properties": { "osm_id": "27343721", "name": "2nd Street", "highway": "residential" }, "geometry": { "type": "LineString", "coordinates": [ [ 80.2166761, 12.986056 ], [ 80.2166547, 12.9860247 ], [ 80.2165459, 12.9856943 ], [ 80.2164802, 12.9855331 ], [ 80.2163977, 12.9852819 ], [ 80.2163449, 12.9851622 ], [ 80.2163294, 12.9851532 ], [ 80.2163114, 12.9851504 ], [ 80.2162869, 12.9851493 ], [ 80.2158587, 12.9851742 ] ] } },
{ "type": "Feature", "properties": { "osm_id": "27343722", "name": "Balahi Colony Main Road", "highway": "residential" }, "geometry": { "type": "LineString", "coordinates": [ [ 80.2148605, 12.9864337 ], [ 80.2150772, 12.986435 ], [ 80.2154867, 12.9863988 ], [ 80.2158843, 12.9863751 ], [ 80.2162661, 12.9864169 ], [ 80.2167539, 12.9864566 ] ] } },
{ "type": "Feature", "properties": { "osm_id": "27343760", "name": "1st Main Road", "highway": "residential" }, "geometry": { "type": "LineString", "coordinates": [ [ 80.2126363, 12.9793447 ], [ 80.2118908, 12.9793162 ], [ 80.2111804, 12.9792201 ], [ 80.2107593, 12.9791649 ], [ 80.2106496, 12.9791583 ] ] } },
{ "type": "Feature", "properties": { "osm_id": "27344661", "name": null, "highway": "residential" }, "geometry": { "type": "LineString", "coordinates": [ [ 80.2118718, 12.9813097 ], [ 80.211821, 12.981838 ], [ 80.2117868, 12.982194 ] ] } },
{ "type": "Feature", "properties": { "osm_id": "27344662", "name": "2nd Cross Lane", "highway": "residential" }, "geometry": { "type": "LineString", "coordinates": [ [ 80.216766, 12.980646 ], [ 80.215973, 12.9806523 ] ] } },
{ "type": "Feature", "properties": { "osm_id": "27344663", "name": null, "highway": "residential" }, "geometry": { "type": "LineString", "coordinates": [ [ 80.2159884, 12.9803167 ], [ 80.215973, 12.9806523 ], [ 80.2159569, 12.9809778 ] ] } },
{ "type": "Feature", "properties": { "osm_id": "27344666", "name": null, "highway": "residential" }, "geometry": { "type": "LineString", "coordinates": [ [ 80.2137324, 12.9756989 ], [ 80.2137619, 12.9753365 ], [ 80.2137705, 12.9753196 ], [ 80.2137903, 12.9753128 ], [ 80.2138128, 12.975318 ], [ 80.2138452, 12.9753355 ], [ 80.2138872, 12.9753755 ], [ 80.2142256, 12.9757918 ], [ 80.2141867, 12.9760316 ], [ 80.2141639, 12.9761971 ], [ 80.2141345, 12.9764112 ], [ 80.2141213, 12.9767272 ], [ 80.2140932, 12.9767651 ], [ 80.2140462, 12.9767677 ], [ 80.2134475, 12.9767242 ], [ 80.2134127, 12.9767125 ], [ 80.2133926, 12.9766957 ], [ 80.2133717, 12.9766625 ], [ 80.213395, 12.9764168 ], [ 80.2129448, 12.9763794 ] ] } },
{ "type": "Feature", "properties": { "osm_id": "27344667", "name": "Murugan Nagar Extension 1st Street", "highway": "residential" }, "geometry": { "type": "LineString", "coordinates": [ [ 80.2130977, 12.9736589 ], [ 80.2130515, 12.9751917 ], [ 80.2130423, 12.9754953 ], [ 80.2130379, 12.9755406 ], [ 80.2130117, 12.9758119 ], [ 80.2129794, 12.9760344 ] ] } },
{ "type": "Feature", "properties": { "osm_id": "27344668", "name": null, "highway": "residential" }, "geometry": { "type": "LineString", "coordinates": [ [ 80.2136341, 12.9733623 ], [ 80.2150547, 12.9732116 ], [ 80.2164253, 12.9731675 ] ] } },
{ "type": "Feature", "properties": { "osm_id": "27344671", "name": null, "highway": "residential" }, "geometry": { "type": "LineString", "coordinates": [ [ 80.213639, 12.9736528 ], [ 80.2136341, 12.9733623 ], [ 80.2136648, 12.9728784 ], [ 80.2136303, 12.9724665 ], [ 80.2135734, 12.9720386 ], [ 80.213524, 12.971629 ] ] } },
{ "type": "Feature", "properties": { "osm_id": "27344672", "name": null, "highway": "residential" }, "geometry": { "type": "LineString", "coordinates": [ [ 80.2116532, 12.9738456 ], [ 80.2116509, 12.9741521 ], [ 80.2116467, 12.9742309 ], [ 80.2116384, 12.9745731 ], [ 80.2116259, 12.9746734 ], [ 80.2115839, 12.97507 ], [ 80.2110771, 12.9750225 ] ] } },
{ "type": "Feature", "properties": { "osm_id": "27344673", "name": null, "highway": "residential" }, "geometry": { "type": "LineString", "coordinates": [ [ 80.2126355, 12.9741865 ], [ 80.2121054, 12.9741776 ], [ 80.2116509, 12.9741521 ] ] } },
{ "type": "Feature", "properties": { "osm_id": "27344675", "name": null, "highway": "residential" }, "geometry": { "type": "LineString", "coordinates": [ [ 80.21248, 12.9721078 ], [ 80.2125386, 12.9726672 ], [ 80.2125455, 12.9727315 ], [ 80.2126142, 12.9732853 ], [ 80.2126274, 12.9734 ], [ 80.2126642, 12.9737212 ], [ 80.212276, 12.9737665 ], [ 80.2121801, 12.9738175 ], [ 80.2121338, 12.9738658 ], [ 80.2121054, 12.9741776 ] ] } },
{ "type": "Feature", "properties": { "osm_id": "27344679", "name": null, "highway": "residential" }, "geometry": { "type": "LineString", "coordinates": [ [ 80.2116384, 12.9745731 ], [ 80.2126071, 12.9746042 ] ] } },
{ "type": "Feature", "properties": { "osm_id": "27344680", "name": null, "highway": "residential" }, "geometry": { "type": "LineString", "coordinates": [ [ 80.2107404, 12.9769079 ], [ 80.2107616, 12.9759394 ], [ 80.2114613, 12.9759277 ], [ 80.2119891, 12.9759427 ] ] } },
{ "type": "Feature", "properties": { "osm_id": "27344737", "name": "3rd Street", "highway": "residential" }, "geometry": { "type": "LineString", "coordinates": [ [ 80.211669, 12.9843071 ], [ 80.212351, 12.9844039 ], [ 80.212922, 12.9844852 ], [ 80.2131015, 12.9844982 ], [ 80.2134468, 12.9844872 ], [ 80.2134816, 12.9844813 ], [ 80.2135109, 12.9844636 ] ] } },
{ "type": "Feature", "properties": { "osm_id": "27344738", "name": "3rd Street", "highway": "residential" }, "geometry": { "type": "LineString", "coordinates": [ [ 80.2116644, 12.9846804 ], [ 80.2112893, 12.9846807 ], [ 80.2108876, 12.9846842 ], [ 80.2103783, 12.9846867 ] ] } },
{ "type": "Feature", "properties": { "osm_id": "27354110", "name": null, "highway": "residential" }, "geometry": { "type": "LineString", "coordinates": [ [ 80.210983, 12.982113 ], [ 80.210613, 12.9821204 ], [ 80.210019, 12.982145 ], [ 80.2099388, 12.9821395 ], [ 80.2099255, 12.9820112 ], [ 80.2095459, 12.9820134 ], [ 80.2094891, 12.9820208 ], [ 80.2094767, 12.9820669 ], [ 80.2094825, 12.9822277 ], [ 80.2094783, 12.982398 ], [ 80.2094654, 12.982918 ] ] } },
{ "type": "Feature", "properties": { "osm_id": "27354129", "name": null, "highway": "residential" }, "geometry": { "type": "LineString", "coordinates": [ [ 80.213227, 12.9829019 ], [ 80.212344, 12.9828626 ], [ 80.212124, 12.9828497 ], [ 80.2112998, 12.9828025 ], [ 80.2107427, 12.982785 ], [ 80.2103144, 12.9827716 ] ] } },
{ "type": "Feature", "properties": { "osm_id": "27354163", "name": null, "highway": "residential" }, "geometry": { "type": "LineString", "coordinates": [ [ 80.2112587, 12.9838073 ], [ 80.2112544, 12.9838829 ], [ 80.2112519, 12.9842018 ], [ 80.211287, 12.9842726 ], [ 80.2112893, 12.9846807 ] ] } },
{ "type": "Feature", "properties": { "osm_id": "27354215", "name": null, "highway": "residential" }, "geometry": { "type": "LineString", "coordinates": [ [ 80.212351, 12.9844039 ], [ 80.2123752, 12.9843539 ], [ 80.2124973, 12.9840312 ], [ 80.212512, 12.9839737 ], [ 80.2125179, 12.9839422 ], [ 80.2125254, 12.9838612 ], [ 80.2125308, 12.9838207 ], [ 80.2125348, 12.9837998 ], [ 80.2125496, 12.9837841 ], [ 80.212575, 12.983775 ], [ 80.2126019, 12.9837724 ], [ 80.212626, 12.9837593 ], [ 80.2126327, 12.9837358 ], [ 80.2126341, 12.9836848 ], [ 80.2126501, 12.9832065 ] ] } },
{ "type": "Feature", "properties": { "osm_id": "27354302", "name": null, "highway": "residential" }, "geometry": { "type": "LineString", "coordinates": [ [ 80.2150406, 12.9860819 ], [ 80.2150772, 12.986435 ] ] } },
{ "type": "Feature", "properties": { "osm_id": "27354311", "name": "7th Street", "highway": "residential" }, "geometry": { "type": "LineString", "coordinates": [ [ 80.21429, 12.9861533 ], [ 80.2143368, 12.9866607 ], [ 80.2143413, 12.9867297 ], [ 80.2143426, 12.9867976 ], [ 80.2143131, 12.9868486 ], [ 80.2142335, 12.9869134 ] ] } },
{ "type": "Feature", "properties": { "osm_id": "27354313", "name": "6th Street", "highway": "residential" }, "geometry": { "type": "LineString", "coordinates": [ [ 80.2140671, 12.9861673 ], [ 80.2141611, 12.9861523 ], [ 80.2141938, 12.9861599 ], [ 80.21429, 12.9861533 ], [ 80.2144177, 12.9861338 ], [ 80.2145818, 12.9861108 ] ] } },
{ "type": "Feature", "properties": { "osm_id": "27354929", "name": "Dhandeeshwaram 3rd Main Road", "highway": "residential" }, "geometry": { "type": "LineString", "coordinates": [ [ 80.2236363, 12.9832338 ], [ 80.2236553, 12.9825453 ], [ 80.2236826, 12.9818565 ], [ 80.2237031, 12.9813456 ], [ 80.2237221, 12.9807753 ] ] } },
{ "type": "Feature", "properties": { "osm_id": "27354930", "name": "Dhandeeshwaram Nagar 4th Cross Street", "highway": "residential" }, "geometry": { "type": "LineString", "coordinates": [ [ 80.2260831, 12.9832676 ], [ 80.2257954, 12.9832603 ], [ 80.2252538, 12.9832544 ], [ 80.2247555, 12.983249 ], [ 80.2243439, 12.9832445 ], [ 80.2242769, 12.9832438 ], [ 80.2236363, 12.9832338 ], [ 80.2232963, 12.9832337 ] ] } },
{ "type": "Feature", "properties": { "osm_id": "27354936", "name": "Dhandeeswaram Nagar 10th Cross Road", "highway": "residential" }, "geometry": { "type": "LineString", "coordinates": [ [ 80.222685, 12.9794981 ], [ 80.2227026, 12.9794892 ], [ 80.2227245, 12.979486 ], [ 80.2235009, 12.9794855 ], [ 80.2237868, 12.9795119 ], [ 80.2244906, 12.9795298 ], [ 80.2247155, 12.9795375 ] ] } },
{ "type": "Feature", "properties": { "osm_id": "27354978", "name": "Dhandeeshwaram Nagar 3rd Main Road", "highway": "residential" }, "geometry": { "type": "LineString", "coordinates": [ [ 80.2237868, 12.9795119 ], [ 80.2237599, 12.9801331 ], [ 80.223748, 12.9804221 ], [ 80.2237221, 12.9807753 ] ] } },
{ "type": "Feature", "properties": { "osm_id": "27354982", "name": null, "highway": "residential" }, "geometry": { "type": "LineString", "coordinates": [ [ 80.2237031, 12.9813456 ], [ 80.2241265, 12.981374 ], [ 80.2253304, 12.9814483 ] ] } },
{ "type": "Feature", "properties": { "osm_id": "27354983", "name": "Dhandeeswaram Nagar 4th Avenue [west]", "highway": "residential" }, "geometry": { "type": "LineString", "coordinates": [ [ 80.2243727, 12.9804605 ], [ 80.2246817, 12.9804795 ], [ 80.2253806, 12.9804998 ] ] } },
{ "type": "Feature", "properties": { "osm_id": "27354984", "name": "Seethapathy Nagar Extn", "highway": "residential" }, "geometry": { "type": "LineString", "coordinates": [ [ 80.2262918, 12.9818422 ], [ 80.2263053, 12.9816352 ], [ 80.2263311, 12.9812397 ], [ 80.2263395, 12.9808293 ], [ 80.2263477, 12.9805958 ], [ 80.2263689, 12.9801177 ], [ 80.2265295, 12.9798171 ], [ 80.2265621, 12.9794892 ], [ 80.2265993, 12.9794126 ], [ 80.2266635, 12.9793065 ] ] } },
{ "type": "Feature", "properties": { "osm_id": "27354987", "name": "Seethapathy Nagar 3rd Cross Street", "highway": "residential" }, "geometry": { "type": "LineString", "coordinates": [ [ 80.2273698, 12.9807423 ], [ 80.2263395, 12.9808293 ] ] } },
{ "type": "Feature", "properties": { "osm_id": "27354993", "name": "ThiruVedi Amman Koil Street", "highway": "residential" }, "geometry": { "type": "LineString", "coordinates": [ [ 80.227654, 12.9860201 ], [ 80.227647, 12.9859448 ], [ 80.227638, 12.9855451 ], [ 80.227636, 12.9854589 ], [ 80.2276475, 12.9849476 ], [ 80.2276476, 12.9848093 ], [ 80.2276515, 12.9847106 ], [ 80.2276505, 12.9840291 ], [ 80.2276504, 12.9839266 ], [ 80.2276486, 12.9838169 ], [ 80.227646, 12.9837782 ] ] } },
{ "type": "Feature", "properties": { "osm_id": "27354996", "name": "Shanti Street", "highway": "residential" }, "geometry": { "type": "LineString", "coordinates": [ [ 80.2296084, 12.9828422 ], [ 80.2295483, 12.9828474 ], [ 80.2281783, 12.9829649 ], [ 80.2281235, 12.9829696 ], [ 80.2280382, 12.9829806 ], [ 80.227964, 12.9829889 ], [ 80.2276677, 12.9830248 ], [ 80.2275865, 12.9830321 ] ] } },
{ "type": "Feature", "properties": { "osm_id": "27354998", "name": "Usha Street", "highway": "residential" }, "geometry": { "type": "LineString", "coordinates": [ [ 80.2280823, 12.9825986 ], [ 80.2295247, 12.9824175 ] ] } },
{ "type": "Feature", "properties": { "osm_id": "27355015", "name": "Rani Street", "highway": "residential" }, "geometry": { "type": "LineString", "coordinates": [ [ 80.2293438, 12.9816213 ], [ 80.2289483, 12.9816523 ], [ 80.2283812, 12.9817048 ], [ 80.227998, 12.9817402 ] ] } },
{ "type": "Feature", "properties": { "osm_id": "27355024", "name": "Ravi Street", "highway": "residential" }, "geometry": { "type": "LineString", "coordinates": [ [ 80.2269654, 12.9811883 ], [ 80.2270405, 12.9822604 ], [ 80.2270502, 12.9823596 ], [ 80.2270877, 12.9827431 ], [ 80.2271264, 12.9832645 ], [ 80.2271657, 12.983807 ] ] } },
{ "type": "Feature", "properties": { "osm_id": "27355029", "name": "Seethapathy Nagar 2rd Cross Street", "highway": "residential" }, "geometry": { "type": "LineString", "coordinates": [ [ 80.2274094, 12.9811665 ], [ 80.2279514, 12.9811039 ], [ 80.2283255, 12.9810607 ], [ 80.2288933, 12.9809951 ] ] } },
{ "type": "Feature", "properties": { "osm_id": "27355030", "name": "Jayanthi street", "highway": "residential" }, "geometry": { "type": "LineString", "coordinates": [ [ 80.2263001, 12.9838672 ], [ 80.226573, 12.9838384 ], [ 80.2271657, 12.983807 ], [ 80.227646, 12.9837782 ] ] } },
{ "type": "Feature", "properties": { "osm_id": "27355031", "name": "Latha Street;Seethapathy Nagar 1st Cross Street", "highway": "residential" }, "geometry": { "type": "LineString", "coordinates": [ [ 80.2270405, 12.9822604 ], [ 80.2274885, 12.9822199 ] ] } },
{ "type": "Feature", "properties": { "osm_id": "27355032", "name": "Dhandeeshwaram Nagar 2nd Cross Street", "highway": "residential" }, "geometry": { "type": "LineString", "coordinates": [ [ 80.2247357, 12.9840885 ], [ 80.2251399, 12.9841343 ], [ 80.2255887, 12.9841616 ], [ 80.225603, 12.9841625 ], [ 80.2261285, 12.9841916 ] ] } },
{ "type": "Feature", "properties": { "osm_id": "27355033", "name": "Dhandeeshwaram Nagar 3rd Cross Street", "highway": "residential" }, "geometry": { "type": "LineString", "coordinates": [ [ 80.2247435, 12.9836858 ], [ 80.2256132, 12.983754 ], [ 80.225778, 12.9837669 ], [ 80.2260739, 12.9837862 ] ] } },
{ "type": "Feature", "properties": { "osm_id": "27355034", "name": "Dhandeeswaram Nagar 1st Cross Road", "highway": "residential" }, "geometry": { "type": "LineString", "coordinates": [ [ 80.2251366, 12.9847842 ], [ 80.2251303, 12.9847902 ], [ 80.2251207, 12.9847933 ], [ 80.224722, 12.9847923 ], [ 80.2242405, 12.9847953 ], [ 80.2237835, 12.9848023 ], [ 80.223656, 12.9848043 ] ] } },
{ "type": "Feature", "properties": { "osm_id": "27355047", "name": "Theradi Street", "highway": "residential" }, "geometry": { "type": "LineString", "coordinates": [ [ 80.2241779, 12.9852689 ], [ 80.2236278, 12.9854194 ], [ 80.2233612, 12.985474 ], [ 80.2233142, 12.9854614 ] ] } },
{ "type": "Feature", "properties": { "osm_id": "27355049", "name": "East Mada Street", "highway": "residential" }, "geometry": { "type": "LineString", "coordinates": [ [ 80.2241779, 12.9852689 ], [ 80.2241945, 12.9852747 ], [ 80.2242047, 12.9852836 ], [ 80.2242124, 12.9852945 ], [ 80.2242832, 12.985493 ], [ 80.2242978, 12.9855465 ], [ 80.2243359, 12.9857412 ], [ 80.2243879, 12.9859967 ], [ 80.2245841, 12.9865442 ] ] } },
{ "type": "Feature", "properties": { "osm_id": "27355065", "name": "JagannathaPuram 1st Main road", "highway": "residential" }, "geometry": { "type": "LineString", "coordinates": [ [ 80.2218285, 12.9842286 ], [ 80.221748, 12.9845724 ], [ 80.221753, 12.9848498 ], [ 80.221748, 12.9851327 ], [ 80.221439, 12.9854589 ], [ 80.22094, 12.9856707 ], [ 80.2207357, 12.9857678 ] ] } },
{ "type": "Feature", "properties": { "osm_id": "27355067", "name": "JagannathaPuram 2nd Street", "highway": "residential" }, "geometry": { "type": "LineString", "coordinates": [ [ 80.2203291, 12.9844422 ], [ 80.2203694, 12.9850342 ], [ 80.2204377, 12.9858568 ] ] } },
{ "type": "Feature", "properties": { "osm_id": "27355070", "name": "RajaLaxmi Nagar 2nd main Road", "highway": "residential" }, "geometry": { "type": "LineString", "coordinates": [ [ 80.220674, 12.985002 ], [ 80.2203694, 12.9850342 ], [ 80.2198983, 12.9850431 ], [ 80.2194567, 12.9850434 ], [ 80.2190836, 12.9850341 ], [ 80.2185684, 12.9850183 ], [ 80.2179249, 12.984981 ] ] } },
{ "type": "Feature", "properties": { "osm_id": "27355073", "name": "RajaLaxmi Nagar 6th Cross Street", "highway": "residential" }, "geometry": { "type": "LineString", "coordinates": [ [ 80.2194567, 12.9850434 ], [ 80.2194255, 12.9856167 ] ] } },
{ "type": "Feature", "properties": { "osm_id": "27355075", "name": "RajaLaxmi Nagar 5th cross Street", "highway": "residential" }, "geometry": { "type": "LineString", "coordinates": [ [ 80.2199068, 12.9844386 ], [ 80.2198983, 12.9850431 ], [ 80.2198959, 12.986027 ] ] } },
{ "type": "Feature", "properties": { "osm_id": "27355078", "name": "Janakpuri 2nd Street", "highway": "residential" }, "geometry": { "type": "LineString", "coordinates": [ [ 80.2200337, 12.9885531 ], [ 80.2187315, 12.9890468 ] ] } },
{ "type": "Feature", "properties": { "osm_id": "27355084", "name": "Lakshmipuram Street", "highway": "residential" }, "geometry": { "type": "LineString", "coordinates": [ [ 80.2216268, 12.9866349 ], [ 80.2216946, 12.9868068 ], [ 80.2217006, 12.9868316 ], [ 80.2216996, 12.9868518 ], [ 80.2216798, 12.9868676 ], [ 80.2216597, 12.986876 ], [ 80.2207679, 12.9872524 ], [ 80.2205573, 12.9873596 ], [ 80.2203514, 12.9874826 ], [ 80.2201224, 12.9876066 ], [ 80.2199697, 12.9876831 ], [ 80.2195527, 12.9878817 ], [ 80.219374, 12.987961 ], [ 80.2193054, 12.9879696 ] ] } },
{ "type": "Feature", "properties": { "osm_id": "27355089", "name": "Lakshmipuram Main Road", "highway": "residential" }, "geometry": { "type": "LineString", "coordinates": [ [ 80.2229796, 12.9859715 ], [ 80.2227971, 12.9859723 ], [ 80.2226357, 12.986113 ], [ 80.2225723, 12.9862448 ], [ 80.2223488, 12.9863705 ], [ 80.2222179, 12.9863942 ], [ 80.2219883, 12.9864374 ], [ 80.2218676, 12.9865141 ], [ 80.2216268, 12.9866349 ], [ 80.2215338, 12.9866742 ], [ 80.2211815, 12.9868222 ] ] } },
{ "type": "Feature", "properties": { "osm_id": "27355096", "name": null, "highway": "residential" }, "geometry": { "type": "LineString", "coordinates": [ [ 80.2192985, 12.9816333 ], [ 80.2193281, 12.9819273 ], [ 80.2193862, 12.9822755 ], [ 80.2194002, 12.9825196 ] ] } },
{ "type": "Feature", "properties": { "osm_id": "27355136", "name": null, "highway": "residential" }, "geometry": { "type": "LineString", "coordinates": [ [ 80.2217186, 12.9822402 ], [ 80.2205961, 12.9822366 ], [ 80.2199336, 12.9822548 ], [ 80.2193862, 12.9822755 ] ] } },
{ "type": "Feature", "properties": { "osm_id": "27355140", "name": "Dhandeeswaram Nagar 9th Main Road;Tansi Nagar 3rd street", "highway": "residential" }, "geometry": { "type": "LineString", "coordinates": [ [ 80.2235055, 12.9781336 ], [ 80.2235051, 12.9785458 ], [ 80.2234963, 12.9789836 ], [ 80.2235009, 12.9794855 ] ] } },
{ "type": "Feature", "properties": { "osm_id": "27355157", "name": "Sarathy Nagar 5th street", "highway": "residential" }, "geometry": { "type": "LineString", "coordinates": [ [ 80.2224526, 12.9750627 ], [ 80.222572, 12.9748202 ], [ 80.222617, 12.9748255 ], [ 80.2231874, 12.9748906 ], [ 80.2233897, 12.97491 ], [ 80.2233983, 12.9749097 ], [ 80.2234055, 12.974906 ], [ 80.2234083, 12.9748968 ], [ 80.2234082, 12.9748862 ], [ 80.2234069, 12.9747411 ] ] } },
{ "type": "Feature", "properties": { "osm_id": "27355171", "name": "Dr.Seetharaman Nagar Main Road", "highway": "residential" }, "geometry": { "type": "LineString", "coordinates": [ [ 80.2212371, 12.9726226 ], [ 80.2211844, 12.9723157 ], [ 80.2211396, 12.9721065 ] ] } },
{ "type": "Feature", "properties": { "osm_id": "27370084", "name": null, "highway": "residential" }, "geometry": { "type": "LineString", "coordinates": [ [ 80.2116234, 12.9813169 ], [ 80.2110351, 12.9813117 ] ] } },
{ "type": "Feature", "properties": { "osm_id": "27370086", "name": null, "highway": "residential" }, "geometry": { "type": "LineString", "coordinates": [ [ 80.213126, 12.9807085 ], [ 80.2126891, 12.9806932 ], [ 80.2126629, 12.9810686 ], [ 80.2126615, 12.9810806 ], [ 80.2126668, 12.9810921 ], [ 80.2126786, 12.981097 ], [ 80.2126981, 12.9810983 ], [ 80.2131373, 12.9811159 ], [ 80.213859, 12.9811603 ] ] } },
{ "type": "Feature", "properties": { "osm_id": "27370088", "name": null, "highway": "residential" }, "geometry": { "type": "LineString", "coordinates": [ [ 80.2146381, 12.9828735 ], [ 80.2146252, 12.9833112 ] ] } },
{ "type": "Feature", "properties": { "osm_id": "27370091", "name": null, "highway": "residential" }, "geometry": { "type": "LineString", "coordinates": [ [ 80.2147309, 12.9840659 ], [ 80.214737, 12.9836906 ] ] } },
{ "type": "Feature", "properties": { "osm_id": "27370092", "name": null, "highway": "residential" }, "geometry": { "type": "LineString", "coordinates": [ [ 80.2137955, 12.9839867 ], [ 80.2143252, 12.9840338 ], [ 80.2143721, 12.984022 ], [ 80.2144097, 12.9839776 ], [ 80.2144203, 12.9836872 ] ] } },
{ "type": "Feature", "properties": { "osm_id": "27370104", "name": null, "highway": "residential" }, "geometry": { "type": "LineString", "coordinates": [ [ 80.2210238, 12.9843099 ], [ 80.2210173, 12.9837531 ], [ 80.2219798, 12.9836808 ] ] } },
{ "type": "Feature", "properties": { "osm_id": "27370109", "name": "Pillaiyar Koil Street", "highway": "residential" }, "geometry": { "type": "LineString", "coordinates": [ [ 80.2186299, 12.9825879 ], [ 80.2186143, 12.9824291 ], [ 80.218709, 12.9815596 ] ] } },
{ "type": "Feature", "properties": { "osm_id": "27370113", "name": "Dhandeeshwaram Nagar 9th Cross Avenue", "highway": "residential" }, "geometry": { "type": "LineString", "coordinates": [ [ 80.2231107, 12.9800888 ], [ 80.2230827, 12.9807664 ] ] } },
{ "type": "Feature", "properties": { "osm_id": "27370115", "name": null, "highway": "residential" }, "geometry": { "type": "LineString", "coordinates": [ [ 80.2230327, 12.9818215 ], [ 80.2236826, 12.9818565 ] ] } },
{ "type": "Feature", "properties": { "osm_id": "27370117", "name": "Dhandeeshwaram 1st Main Road Extension", "highway": "residential" }, "geometry": { "type": "LineString", "coordinates": [ [ 80.2222234, 12.9825239 ], [ 80.2222307, 12.9820341 ], [ 80.2222305, 12.9819413 ] ] } },
{ "type": "Feature", "properties": { "osm_id": "27370123", "name": null, "highway": "residential" }, "geometry": { "type": "LineString", "coordinates": [ [ 80.225778, 12.9837669 ], [ 80.2257954, 12.9832603 ] ] } },
{ "type": "Feature", "properties": { "osm_id": "27370125", "name": "Dhandeeshwaram Nagar 5th Main Road", "highway": "residential" }, "geometry": { "type": "LineString", "coordinates": [ [ 80.2242769, 12.9832438 ], [ 80.2242615, 12.9838423 ], [ 80.2242405, 12.9847953 ] ] } },
{ "type": "Feature", "properties": { "osm_id": "27370153", "name": "3rd Main Road", "highway": "residential" }, "geometry": { "type": "LineString", "coordinates": [ [ 80.2233612, 12.985474 ], [ 80.2235811, 12.9860477 ] ] } },
{ "type": "Feature", "properties": { "osm_id": "27370156", "name": "5th Street", "highway": "residential" }, "geometry": { "type": "LineString", "coordinates": [ [ 80.2145819, 12.9854935 ], [ 80.2145572, 12.9854556 ], [ 80.2145451, 12.985415 ], [ 80.2145652, 12.9851197 ], [ 80.2145732, 12.9850984 ] ] } },
{ "type": "Feature", "properties": { "osm_id": "27370164", "name": "Andal Nagar Extension 2nd Street", "highway": "residential" }, "geometry": { "type": "LineString", "coordinates": [ [ 80.2132697, 12.9801645 ], [ 80.2125847, 12.9801209 ], [ 80.2123939, 12.9800937 ], [ 80.2120755, 12.9800484 ], [ 80.2117611, 12.9800036 ], [ 80.2111118, 12.9799106 ] ] } },
{ "type": "Feature", "properties": { "osm_id": "27370168", "name": null, "highway": "residential" }, "geometry": { "type": "LineString", "coordinates": [ [ 80.2172583, 12.9799808 ], [ 80.2172795, 12.9803032 ], [ 80.2172914, 12.9805016 ] ] } },
{ "type": "Feature", "properties": { "osm_id": "27370170", "name": null, "highway": "residential" }, "geometry": { "type": "LineString", "coordinates": [ [ 80.2146961, 12.9804638 ], [ 80.2151711, 12.9804998 ], [ 80.2152073, 12.9804841 ], [ 80.21522, 12.9804557 ], [ 80.2152311, 12.9801914 ] ] } },
{ "type": "Feature", "properties": { "osm_id": "27370171", "name": "Vaigai Street", "highway": "residential" }, "geometry": { "type": "LineString", "coordinates": [ [ 80.2181637, 12.977869 ], [ 80.2176459, 12.9778406 ], [ 80.2168982, 12.9777794 ] ] } },
{ "type": "Feature", "properties": { "osm_id": "27370175", "name": null, "highway": "residential" }, "geometry": { "type": "LineString", "coordinates": [ [ 80.2151511, 12.9781009 ], [ 80.2142511, 12.9779777 ] ] } },
{ "type": "Feature", "properties": { "osm_id": "27370180", "name": null, "highway": "residential" }, "geometry": { "type": "LineString", "coordinates": [ [ 80.2142734, 12.9777082 ], [ 80.215227, 12.9777648 ], [ 80.2158282, 12.9778561 ], [ 80.2161272, 12.977899 ] ] } },
{ "type": "Feature", "properties": { "osm_id": "27370187", "name": "Golden Avenue Main Road", "highway": "residential" }, "geometry": { "type": "LineString", "coordinates": [ [ 80.2181769, 12.9769447 ], [ 80.2170141, 12.9768606 ] ] } },
{ "type": "Feature", "properties": { "osm_id": "27370215", "name": null, "highway": "residential" }, "geometry": { "type": "LineString", "coordinates": [ [ 80.2142256, 12.9757918 ], [ 80.2147317, 12.9757331 ], [ 80.2151733, 12.9756818 ] ] } },
{ "type": "Feature", "properties": { "osm_id": "27370224", "name": null, "highway": "residential" }, "geometry": { "type": "LineString", "coordinates": [ [ 80.2134296, 12.9747523 ], [ 80.2137757, 12.9747442 ], [ 80.214307, 12.9747072 ], [ 80.2144205, 12.9746996 ], [ 80.2151598, 12.9746784 ] ] } },
{ "type": "Feature", "properties": { "osm_id": "27370225", "name": null, "highway": "residential" }, "geometry": { "type": "LineString", "coordinates": [ [ 80.2137557, 12.9742839 ], [ 80.2137757, 12.9747442 ] ] } },
{ "type": "Feature", "properties": { "osm_id": "27370227", "name": null, "highway": "residential" }, "geometry": { "type": "LineString", "coordinates": [ [ 80.2110665, 12.9742242 ], [ 80.2116467, 12.9742309 ] ] } },
{ "type": "Feature", "properties": { "osm_id": "27370228", "name": null, "highway": "residential" }, "geometry": { "type": "LineString", "coordinates": [ [ 80.2111185, 12.973828 ], [ 80.2116532, 12.9738456 ] ] } },
{ "type": "Feature", "properties": { "osm_id": "27370233", "name": null, "highway": "residential" }, "geometry": { "type": "LineString", "coordinates": [ [ 80.2202632, 12.9826892 ], [ 80.2203007, 12.9832257 ] ] } },
{ "type": "Feature", "properties": { "osm_id": "27370234", "name": null, "highway": "residential" }, "geometry": { "type": "LineString", "coordinates": [ [ 80.2193495, 12.9795442 ], [ 80.2194835, 12.9791282 ], [ 80.2194797, 12.9791096 ], [ 80.2194611, 12.9791066 ] ] } },
{ "type": "Feature", "properties": { "osm_id": "27370236", "name": null, "highway": "residential" }, "geometry": { "type": "LineString", "coordinates": [ [ 80.2186458, 12.9798253 ], [ 80.2191856, 12.9799592 ] ] } },
{ "type": "Feature", "properties": { "osm_id": "27370250", "name": "Tansi Nagar 20th Street", "highway": "residential" }, "geometry": { "type": "LineString", "coordinates": [ [ 80.2259433, 12.9752532 ], [ 80.2257467, 12.9766018 ], [ 80.2256989, 12.9769835 ] ] } },
{ "type": "Feature", "properties": { "osm_id": "27370252", "name": null, "highway": "residential" }, "geometry": { "type": "LineString", "coordinates": [ [ 80.2234052, 12.9743876 ], [ 80.2240259, 12.9744167 ], [ 80.2250735, 12.9745014 ] ] } },
{ "type": "Feature", "properties": { "osm_id": "27370255", "name": "Venus Colony 1st street", "highway": "residential" }, "geometry": { "type": "LineString", "coordinates": [ [ 80.2276129, 12.9723255 ], [ 80.2275694, 12.9726826 ], [ 80.2275575, 12.9727466 ], [ 80.2272821, 12.9742244 ], [ 80.2272402, 12.9743328 ], [ 80.2271631, 12.9749469 ] ] } },
{ "type": "Feature", "properties": { "osm_id": "27370256", "name": "Veenus Colony 3th Street", "highway": "residential" }, "geometry": { "type": "LineString", "coordinates": [ [ 80.2282217, 12.9729592 ], [ 80.2281219, 12.9735679 ], [ 80.2280917, 12.9737523 ], [ 80.2280482, 12.9739996 ], [ 80.2279979, 12.9743239 ] ] } },
{ "type": "Feature", "properties": { "osm_id": "27370258", "name": "BalaKrishnan Nagar", "highway": "residential" }, "geometry": { "type": "LineString", "coordinates": [ [ 80.2281127, 12.974331 ], [ 80.2284119, 12.9743414 ], [ 80.2290345, 12.9745193 ] ] } },
{ "type": "Feature", "properties": { "osm_id": "27370262", "name": "Jeeva Street", "highway": "residential" }, "geometry": { "type": "LineString", "coordinates": [ [ 80.2287401, 12.974742 ], [ 80.2284759, 12.9747168 ], [ 80.2284612, 12.9747155 ], [ 80.2280893, 12.9746813 ] ] } },
{ "type": "Feature", "properties": { "osm_id": "27370265", "name": "Mahathma Gandhi Street", "highway": "residential" }, "geometry": { "type": "LineString", "coordinates": [ [ 80.2295652, 12.9761425 ], [ 80.2279348, 12.9758988 ] ] } },
{ "type": "Feature", "properties": { "osm_id": "27370266", "name": "Kambar Street", "highway": "residential" }, "geometry": { "type": "LineString", "coordinates": [ [ 80.2295007, 12.9765591 ], [ 80.2278161, 12.9763861 ] ] } },
{ "type": "Feature", "properties": { "osm_id": "27370267", "name": "Sastri Road", "highway": "residential" }, "geometry": { "type": "LineString", "coordinates": [ [ 80.2277059, 12.9784282 ], [ 80.2276855, 12.9780531 ], [ 80.2276749, 12.9776691 ], [ 80.2276716, 12.9776122 ], [ 80.2276788, 12.9772974 ], [ 80.2276763, 12.9772017 ] ] } },
{ "type": "Feature", "properties": { "osm_id": "27370269", "name": "Annai Indira Nagar Sapthagiri Street", "highway": "residential" }, "geometry": { "type": "LineString", "coordinates": [ [ 80.2288632, 12.9780251 ], [ 80.2276855, 12.9780531 ] ] } },
{ "type": "Feature", "properties": { "osm_id": "27370270", "name": "Karikalan Street", "highway": "residential" }, "geometry": { "type": "LineString", "coordinates": [ [ 80.2288688, 12.97766 ], [ 80.2276716, 12.9776122 ] ] } },
{ "type": "Feature", "properties": { "osm_id": "27370273", "name": "Kumaran Street", "highway": "residential" }, "geometry": { "type": "LineString", "coordinates": [ [ 80.2286863, 12.9768667 ], [ 80.2277173, 12.9767825 ] ] } },
{ "type": "Feature", "properties": { "osm_id": "27370274", "name": null, "highway": "service" }, "geometry": { "type": "LineString", "coordinates": [ [ 80.226281, 12.9759146 ], [ 80.2269817, 12.9761087 ], [ 80.2270466, 12.9759946 ], [ 80.227102, 12.9758077 ] ] } },
{ "type": "Feature", "properties": { "osm_id": "27370275", "name": "Avvai Street", "highway": "residential" }, "geometry": { "type": "LineString", "coordinates": [ [ 80.2270653, 12.9764195 ], [ 80.2277605, 12.9765721 ] ] } },
{ "type": "Feature", "properties": { "osm_id": "27370284", "name": "Kamarajar Street", "highway": "residential" }, "geometry": { "type": "LineString", "coordinates": [ [ 80.2296134, 12.9757808 ], [ 80.2285718, 12.9755993 ], [ 80.227992, 12.9754982 ] ] } },
{ "type": "Feature", "properties": { "osm_id": "27370286", "name": "Varatharajapuram", "highway": "residential" }, "geometry": { "type": "LineString", "coordinates": [ [ 80.2224858, 12.9767092 ], [ 80.2228506, 12.976741 ], [ 80.2236092, 12.976767 ], [ 80.2239906, 12.97678 ], [ 80.2240187, 12.9767886 ], [ 80.2240489, 12.9768037 ], [ 80.2240662, 12.9768195 ], [ 80.224183, 12.9769487 ], [ 80.2242062, 12.9769593 ] ] } },
{ "type": "Feature", "properties": { "osm_id": "27370292", "name": "21st Street", "highway": "residential" }, "geometry": { "type": "LineString", "coordinates": [ [ 80.2242662, 12.9758302 ], [ 80.2245356, 12.9758328 ], [ 80.2250034, 12.9758494 ] ] } },
{ "type": "Feature", "properties": { "osm_id": "27370293", "name": null, "highway": "residential" }, "geometry": { "type": "LineString", "coordinates": [ [ 80.2246149, 12.9751483 ], [ 80.2245356, 12.9758328 ] ] } },
{ "type": "Feature", "properties": { "osm_id": "27370294", "name": null, "highway": "residential" }, "geometry": { "type": "LineString", "coordinates": [ [ 80.2242315, 12.9756121 ], [ 80.2242575, 12.9747864 ] ] } },
{ "type": "Feature", "properties": { "osm_id": "27370299", "name": "Tansi Nagar 17th street", "highway": "residential" }, "geometry": { "type": "LineString", "coordinates": [ [ 80.2237428, 12.9760192 ], [ 80.2240014, 12.9761044 ], [ 80.2242437, 12.9761843 ], [ 80.2246552, 12.9763124 ], [ 80.2249129, 12.9763685 ] ] } },
{ "type": "Feature", "properties": { "osm_id": "27370313", "name": "Tansi Nagar 9th Street", "highway": "residential" }, "geometry": { "type": "LineString", "coordinates": [ [ 80.226239, 12.9779831 ], [ 80.2259087, 12.9779799 ], [ 80.225733, 12.977976 ], [ 80.2256653, 12.9779546 ], [ 80.2253446, 12.9777619 ], [ 80.2249786, 12.9775699 ] ] } },
{ "type": "Feature", "properties": { "osm_id": "27370327", "name": "Sri Devi Karumari Amman Nagar 3rd Street", "highway": "residential" }, "geometry": { "type": "LineString", "coordinates": [ [ 80.2156541, 12.9756724 ], [ 80.2163132, 12.9756844 ] ] } },
{ "type": "Feature", "properties": { "osm_id": "27371077", "name": "Lakshmi Hayagriva 1st Main Road", "highway": "residential" }, "geometry": { "type": "LineString", "coordinates": [ [ 80.2103774, 12.9861877 ], [ 80.2117099, 12.9861148 ], [ 80.2129426, 12.9860566 ], [ 80.2134553, 12.9860485 ] ] } },
{ "type": "Feature", "properties": { "osm_id": "27480309", "name": "Velachery Main Road", "highway": "secondary" }, "geometry": { "type": "LineString", "coordinates": [ [ 80.221206, 12.9775013 ], [ 80.221206, 12.9775302 ], [ 80.2212061, 12.9777428 ], [ 80.2212061, 12.9777947 ], [ 80.2212006, 12.9778953 ], [ 80.2211832, 12.9782163 ], [ 80.2211808, 12.9782556 ], [ 80.2211783, 12.9782956 ], [ 80.2211625, 12.978553 ], [ 80.2211596, 12.97858 ], [ 80.221155, 12.9786104 ], [ 80.2211496, 12.9786619 ], [ 80.221148, 12.9787549 ], [ 80.2211452, 12.9789188 ], [ 80.2211391, 12.9790322 ], [ 80.2211311, 12.9791794 ], [ 80.2211287, 12.979223 ], [ 80.221109, 12.9795872 ], [ 80.2211068, 12.9796274 ], [ 80.2211016, 12.9797452 ], [ 80.2210909, 12.9799885 ], [ 80.2210873, 12.9800405 ], [ 80.2210826, 12.9801776 ], [ 80.2210755, 12.9802805 ], [ 80.2210565, 12.9805552 ], [ 80.2210445, 12.9807765 ], [ 80.2210148, 12.9810784 ], [ 80.2210859, 12.981247 ], [ 80.221117, 12.9813206 ], [ 80.2215039, 12.9818333 ], [ 80.2217186, 12.9822402 ], [ 80.2218538, 12.9825674 ], [ 80.2218989, 12.9827629 ], [ 80.2219894, 12.9829338 ], [ 80.2221099, 12.9831615 ], [ 80.2225076, 12.9838003 ], [ 80.2225223, 12.9838238 ], [ 80.2226277, 12.9839929 ], [ 80.2226639, 12.9840511 ], [ 80.2228777, 12.9843858 ], [ 80.2231255, 12.9847671 ], [ 80.2232491, 12.9850804 ], [ 80.2232618, 12.9851127 ], [ 80.2233058, 12.985361 ], [ 80.2233142, 12.9854614 ], [ 80.2230311, 12.9857206 ], [ 80.2229796, 12.9859715 ], [ 80.2229732, 12.9861768 ], [ 80.2229705, 12.9864666 ], [ 80.2230567, 12.9870692 ], [ 80.2230821, 12.9873016 ], [ 80.2230974, 12.9876327 ], [ 80.2230826, 12.9877398 ], [ 80.2230746, 12.9877973 ], [ 80.223065, 12.9878213 ], [ 80.2230558, 12.9878444 ], [ 80.2229244, 12.9880352 ], [ 80.2227406, 12.9882717 ], [ 80.2223986, 12.9886651 ], [ 80.222389, 12.9886732 ], [ 80.2221745, 12.9888541 ], [ 80.2221549, 12.9888707 ], [ 80.2220104, 12.9889818 ], [ 80.2216446, 12.9892802 ], [ 80.2214745, 12.9894189 ], [ 80.2213262, 12.9895414 ], [ 80.2211671, 12.989668 ], [ 80.2209708, 12.989835 ], [ 80.2208592, 12.9899415 ], [ 80.2207226, 12.9901027 ] ] } },
{ "type": "Feature", "properties": { "osm_id": "28571968", "name": null, "highway": "residential" }, "geometry": { "type": "LineString", "coordinates": [ [ 80.2164186, 12.9730212 ], [ 80.2171933, 12.9730033 ] ] } },
{ "type": "Feature", "properties": { "osm_id": "28571969", "name": null, "highway": "residential" }, "geometry": { "type": "LineString", "coordinates": [ [ 80.2176075, 12.9718357 ], [ 80.2175333, 12.9710802 ] ] } },
{ "type": "Feature", "properties": { "osm_id": "28571970", "name": "12th Main Road", "highway": "residential" }, "geometry": { "type": "LineString", "coordinates": [ [ 80.2180343, 12.9713557 ], [ 80.2183747, 12.9713278 ], [ 80.2187139, 12.9713 ] ] } },
{ "type": "Feature", "properties": { "osm_id": "28571971", "name": "9th Main Road", "highway": "residential" }, "geometry": { "type": "LineString", "coordinates": [ [ 80.2181858, 12.9726714 ], [ 80.2171823, 12.97272 ] ] } },
{ "type": "Feature", "properties": { "osm_id": "28571973", "name": null, "highway": "residential" }, "geometry": { "type": "LineString", "coordinates": [ [ 80.2195488, 12.9738301 ], [ 80.2196271, 12.9743413 ], [ 80.219798, 12.974749 ], [ 80.2199569, 12.9751394 ], [ 80.2201188, 12.9755981 ] ] } },
{ "type": "Feature", "properties": { "osm_id": "28571974", "name": "Vijayanagar 2nd Main Road", "highway": "residential" }, "geometry": { "type": "LineString", "coordinates": [ [ 80.2199569, 12.9751394 ], [ 80.2192021, 12.9753251 ] ] } },
{ "type": "Feature", "properties": { "osm_id": "28571975", "name": null, "highway": "residential" }, "geometry": { "type": "LineString", "coordinates": [ [ 80.2171758, 12.972552 ], [ 80.2163977, 12.9725623 ] ] } },
{ "type": "Feature", "properties": { "osm_id": "28571976", "name": "10th Main Road", "highway": "residential" }, "geometry": { "type": "LineString", "coordinates": [ [ 80.2171098, 12.9722985 ], [ 80.2181057, 12.9722677 ] ] } },
{ "type": "Feature", "properties": { "osm_id": "28571977", "name": null, "highway": "residential" }, "geometry": { "type": "LineString", "coordinates": [ [ 80.2150472, 12.9728131 ], [ 80.2150547, 12.9732116 ] ] } },
{ "type": "Feature", "properties": { "osm_id": "28571978", "name": null, "highway": "residential" }, "geometry": { "type": "LineString", "coordinates": [ [ 80.2164666, 12.9742305 ], [ 80.2151155, 12.9742645 ], [ 80.2149512, 12.974262 ], [ 80.2144158, 12.9742623 ], [ 80.2139068, 12.9742772 ], [ 80.2137557, 12.9742839 ] ] } },
{ "type": "Feature", "properties": { "osm_id": "29502952", "name": null, "highway": "residential" }, "geometry": { "type": "LineString", "coordinates": [ [ 80.2201224, 12.9876066 ], [ 80.2203267, 12.9881142 ] ] } },
{ "type": "Feature", "properties": { "osm_id": "29503007", "name": "RajaLaxmi Nagar 10th Street", "highway": "residential" }, "geometry": { "type": "LineString", "coordinates": [ [ 80.2190934, 12.9843659 ], [ 80.2190836, 12.9850341 ] ] } },
{ "type": "Feature", "properties": { "osm_id": "29503032", "name": "Bajannai Street", "highway": "residential" }, "geometry": { "type": "LineString", "coordinates": [ [ 80.2194002, 12.9825196 ], [ 80.2194177, 12.9826813 ], [ 80.2194509, 12.9831315 ], [ 80.2194563, 12.9832378 ] ] } },
{ "type": "Feature", "properties": { "osm_id": "29503047", "name": "Telungu Brahmin Street", "highway": "residential" }, "geometry": { "type": "LineString", "coordinates": [ [ 80.2194177, 12.9826813 ], [ 80.2199412, 12.9826762 ], [ 80.2202632, 12.9826892 ], [ 80.2218989, 12.9827629 ] ] } },
{ "type": "Feature", "properties": { "osm_id": "29503164", "name": "Pillaiyar Koil Lane", "highway": "residential" }, "geometry": { "type": "LineString", "coordinates": [ [ 80.2194002, 12.9825196 ], [ 80.2186299, 12.9825879 ] ] } },
{ "type": "Feature", "properties": { "osm_id": "29503165", "name": "Brahmin Street", "highway": "residential" }, "geometry": { "type": "LineString", "coordinates": [ [ 80.2186392, 12.9832611 ], [ 80.2194563, 12.9832378 ], [ 80.2203007, 12.9832257 ], [ 80.2218389, 12.983189 ], [ 80.2221099, 12.9831615 ] ] } },
{ "type": "Feature", "properties": { "osm_id": "29503189", "name": "Dandeeswaram Main Road", "highway": "residential" }, "geometry": { "type": "LineString", "coordinates": [ [ 80.2252797, 12.9825829 ], [ 80.2247761, 12.9825666 ], [ 80.2243823, 12.9825529 ], [ 80.2240867, 12.982549 ], [ 80.2236553, 12.9825453 ], [ 80.2231798, 12.9825398 ], [ 80.2229787, 12.9825341 ], [ 80.2228474, 12.9825323 ], [ 80.2226609, 12.9825298 ], [ 80.2222234, 12.9825239 ], [ 80.2218538, 12.9825674 ] ] } },
{ "type": "Feature", "properties": { "osm_id": "29503192", "name": "Amuda Street", "highway": "residential" }, "geometry": { "type": "LineString", "coordinates": [ [ 80.2271264, 12.9832645 ], [ 80.2263595, 12.9833181 ] ] } },
{ "type": "Feature", "properties": { "osm_id": "29503197", "name": null, "highway": "residential" }, "geometry": { "type": "LineString", "coordinates": [ [ 80.2266827, 12.9824311 ], [ 80.2266781, 12.9821232 ], [ 80.2266721, 12.982097 ], [ 80.2266651, 12.9820794 ], [ 80.2266449, 12.982065 ], [ 80.2266241, 12.9820617 ], [ 80.2264229, 12.9820658 ], [ 80.2263321, 12.9820644 ], [ 80.2263042, 12.9820556 ], [ 80.2262832, 12.9820292 ], [ 80.2262918, 12.9818422 ] ] } },
{ "type": "Feature", "properties": { "osm_id": "29503201", "name": "Bharathi Street", "highway": "residential" }, "geometry": { "type": "LineString", "coordinates": [ [ 80.2252919, 12.9823656 ], [ 80.2257926, 12.9823945 ], [ 80.2264729, 12.9824337 ], [ 80.2266827, 12.9824311 ] ] } },
{ "type": "Feature", "properties": { "osm_id": "29503209", "name": "Dhandeeshwaram 4th cross street", "highway": "residential" }, "geometry": { "type": "LineString", "coordinates": [ [ 80.2241265, 12.981374 ], [ 80.2241091, 12.9818062 ], [ 80.2240867, 12.982549 ] ] } },
{ "type": "Feature", "properties": { "osm_id": "29503211", "name": null, "highway": "residential" }, "geometry": { "type": "LineString", "coordinates": [ [ 80.2241091, 12.9818062 ], [ 80.2247523, 12.981854 ], [ 80.2247675, 12.9818558 ], [ 80.2247823, 12.9818634 ] ] } },
{ "type": "Feature", "properties": { "osm_id": "29503216", "name": null, "highway": "residential" }, "geometry": { "type": "LineString", "coordinates": [ [ 80.2230439, 12.981597 ], [ 80.2227232, 12.981573 ], [ 80.2227044, 12.9815704 ], [ 80.2226891, 12.98156 ], [ 80.2226826, 12.9815426 ], [ 80.2226816, 12.9815246 ], [ 80.2227352, 12.980757 ] ] } },
{ "type": "Feature", "properties": { "osm_id": "29503220", "name": "Thirumekarai Street", "highway": "residential" }, "geometry": { "type": "LineString", "coordinates": [ [ 80.2243359, 12.9857412 ], [ 80.2245258, 12.9856618 ], [ 80.224664, 12.9855915 ], [ 80.2248725, 12.9854605 ], [ 80.2249456, 12.9854029 ], [ 80.2249745, 12.9853803 ], [ 80.224993, 12.9853488 ] ] } },
{ "type": "Feature", "properties": { "osm_id": "29503256", "name": "Dhandeeshwaram Nagar 3rd Avenue (East)", "highway": "residential" }, "geometry": { "type": "LineString", "coordinates": [ [ 80.2253573, 12.9809527 ], [ 80.2261256, 12.9810254 ] ] } },
{ "type": "Feature", "properties": { "osm_id": "29503268", "name": "Raja Street", "highway": "residential" }, "geometry": { "type": "LineString", "coordinates": [ [ 80.2281235, 12.9829696 ], [ 80.2280823, 12.9825986 ], [ 80.2280324, 12.9821752 ], [ 80.227998, 12.9817402 ], [ 80.2279514, 12.9811039 ] ] } },
{ "type": "Feature", "properties": { "osm_id": "29503279", "name": "Dhandeeswaram Nagar 7th Avenue(East)", "highway": "residential" }, "geometry": { "type": "LineString", "coordinates": [ [ 80.2265295, 12.9798171 ], [ 80.2261846, 12.9796415 ], [ 80.2254699, 12.9792498 ] ] } },
{ "type": "Feature", "properties": { "osm_id": "29503289", "name": "Dhandeeswaram Nagar 11th Cross Road", "highway": "residential" }, "geometry": { "type": "LineString", "coordinates": [ [ 80.2234963, 12.9789836 ], [ 80.2244896, 12.9790009 ] ] } },
{ "type": "Feature", "properties": { "osm_id": "29503292", "name": "Dhandeeswaram Nagar 9th Cross Road", "highway": "residential" }, "geometry": { "type": "LineString", "coordinates": [ [ 80.2237599, 12.9801331 ], [ 80.2231107, 12.9800888 ], [ 80.2226675, 12.9800806 ], [ 80.2225848, 12.9800751 ] ] } },
{ "type": "Feature", "properties": { "osm_id": "30029206", "name": null, "highway": "service" }, "geometry": { "type": "LineString", "coordinates": [ [ 80.228475, 12.9889144 ], [ 80.2280185, 12.9882352 ] ] } },
{ "type": "Feature", "properties": { "osm_id": "30029209", "name": "Playfield Avenue", "highway": "service" }, "geometry": { "type": "LineString", "coordinates": [ [ 80.2278409, 12.9898696 ], [ 80.227879, 12.9897978 ], [ 80.2280153, 12.9894627 ], [ 80.228133, 12.9892125 ], [ 80.2283239, 12.9890146 ], [ 80.228475, 12.9889144 ], [ 80.2286376, 12.9888433 ], [ 80.2292965, 12.9886082 ], [ 80.2300951, 12.9883049 ], [ 80.2303637, 12.9882244 ], [ 80.2308453, 12.9880529 ], [ 80.2313217, 12.9878212 ], [ 80.2317694, 12.9876501 ], [ 80.231967, 12.9875856 ], [ 80.2321552, 12.9875469 ], [ 80.2323408, 12.9875096 ], [ 80.2328021, 12.9874684 ], [ 80.2330372, 12.9874604 ], [ 80.233243, 12.987552 ] ] } },
{ "type": "Feature", "properties": { "osm_id": "30029246", "name": null, "highway": "residential" }, "geometry": { "type": "LineString", "coordinates": [ [ 80.2223986, 12.9886651 ], [ 80.2226086, 12.989031 ], [ 80.2228745, 12.9895851 ] ] } },
{ "type": "Feature", "properties": { "osm_id": "30029249", "name": null, "highway": "residential" }, "geometry": { "type": "LineString", "coordinates": [ [ 80.2226086, 12.989031 ], [ 80.2229019, 12.9887585 ], [ 80.2230624, 12.9886133 ], [ 80.223191, 12.9885309 ], [ 80.223188, 12.988398 ], [ 80.2231701, 12.9881357 ], [ 80.2231321, 12.9879031 ] ] } },
{ "type": "Feature", "properties": { "osm_id": "30029251", "name": "Sony Nagar 1st Street", "highway": "residential" }, "geometry": { "type": "LineString", "coordinates": [ [ 80.2281449, 12.9858832 ], [ 80.2281813, 12.9863158 ], [ 80.2282384, 12.986924 ] ] } },
{ "type": "Feature", "properties": { "osm_id": "30029255", "name": "Sony Nagar 2nd Street", "highway": "residential" }, "geometry": { "type": "LineString", "coordinates": [ [ 80.2281813, 12.9863158 ], [ 80.227568, 12.9864925 ], [ 80.2274852, 12.9865186 ], [ 80.2273695, 12.9865424 ] ] } },
{ "type": "Feature", "properties": { "osm_id": "30029258", "name": "ParasuRaman Street", "highway": "residential" }, "geometry": { "type": "LineString", "coordinates": [ [ 80.2288141, 12.9869098 ], [ 80.2287583, 12.9865512 ], [ 80.2286821, 12.9857875 ] ] } },
{ "type": "Feature", "properties": { "osm_id": "30037409", "name": null, "highway": "service" }, "geometry": { "type": "LineString", "coordinates": [ [ 80.2277585, 12.9882745 ], [ 80.2280185, 12.9882352 ], [ 80.2282689, 12.9881842 ] ] } },
{ "type": "Feature", "properties": { "osm_id": "30596415", "name": "Street in Tansi Nagar (anna nagar) Velachery", "highway": "residential" }, "geometry": { "type": "LineString", "coordinates": [ [ 80.2250848, 12.9748448 ], [ 80.2260006, 12.9748515 ], [ 80.2264216, 12.9748861 ], [ 80.226806, 12.9749176 ] ] } },
{ "type": "Feature", "properties": { "osm_id": "30596539", "name": "Amman Koil Street", "highway": "residential" }, "geometry": { "type": "LineString", "coordinates": [ [ 80.2123318, 12.983173 ], [ 80.2117985, 12.9831438 ], [ 80.2117791, 12.9831428 ], [ 80.2117653, 12.983146 ], [ 80.21176, 12.9831595 ], [ 80.2117576, 12.9831745 ], [ 80.2117183, 12.9837493 ], [ 80.2116992, 12.983839 ], [ 80.211669, 12.9843071 ], [ 80.2116553, 12.9844527 ], [ 80.2116644, 12.9846804 ], [ 80.21166, 12.9847935 ], [ 80.2116851, 12.98523 ] ] } },
{ "type": "Feature", "properties": { "osm_id": "30598642", "name": null, "highway": "residential" }, "geometry": { "type": "LineString", "coordinates": [ [ 80.2135734, 12.9720386 ], [ 80.214614, 12.9719631 ], [ 80.2146924, 12.9719623 ], [ 80.2147333, 12.9719759 ], [ 80.2147666, 12.9720004 ], [ 80.2148331, 12.972383 ] ] } },
{ "type": "Feature", "properties": { "osm_id": "30598643", "name": null, "highway": "residential" }, "geometry": { "type": "LineString", "coordinates": [ [ 80.2130977, 12.9736589 ], [ 80.2126642, 12.9737212 ], [ 80.2126355, 12.9741865 ], [ 80.2126071, 12.9746042 ], [ 80.2126029, 12.9750123 ], [ 80.2125753, 12.9754002 ], [ 80.2125508, 12.9758648 ], [ 80.2125413, 12.9759941 ] ] } },
{ "type": "Feature", "properties": { "osm_id": "30598644", "name": null, "highway": "residential" }, "geometry": { "type": "LineString", "coordinates": [ [ 80.2164019, 12.9726539 ], [ 80.2150515, 12.9726837 ], [ 80.2150472, 12.9728131 ], [ 80.2136648, 12.9728784 ] ] } },
{ "type": "Feature", "properties": { "osm_id": "30598645", "name": "8th Main Road", "highway": "residential" }, "geometry": { "type": "LineString", "coordinates": [ [ 80.2172007, 12.973194 ], [ 80.2181852, 12.9731871 ], [ 80.2190276, 12.9731728 ] ] } },
{ "type": "Feature", "properties": { "osm_id": "30598646", "name": null, "highway": "residential" }, "geometry": { "type": "LineString", "coordinates": [ [ 80.2170421, 12.9712231 ], [ 80.2170241, 12.9714307 ], [ 80.2170494, 12.9718764 ], [ 80.2170731, 12.9719676 ], [ 80.2171098, 12.9722985 ], [ 80.2171758, 12.972552 ], [ 80.2171823, 12.97272 ], [ 80.2171933, 12.9730033 ], [ 80.2172007, 12.973194 ] ] } },
{ "type": "Feature", "properties": { "osm_id": "30598647", "name": null, "highway": "residential" }, "geometry": { "type": "LineString", "coordinates": [ [ 80.2172007, 12.973194 ], [ 80.2172131, 12.9735438 ] ] } },
{ "type": "Feature", "properties": { "osm_id": "30598648", "name": null, "highway": "residential" }, "geometry": { "type": "LineString", "coordinates": [ [ 80.2171898, 12.9735591 ], [ 80.2171697, 12.9741773 ] ] } },
{ "type": "Feature", "properties": { "osm_id": "30604287", "name": null, "highway": "residential" }, "geometry": { "type": "LineString", "coordinates": [ [ 80.2221739, 12.9722652 ], [ 80.2211844, 12.9723157 ] ] } },
{ "type": "Feature", "properties": { "osm_id": "30604288", "name": null, "highway": "residential" }, "geometry": { "type": "LineString", "coordinates": [ [ 80.2212269, 12.9735047 ], [ 80.2212156, 12.9734837 ], [ 80.2212145, 12.9732757 ], [ 80.222376, 12.9732368 ], [ 80.2228069, 12.9732149 ] ] } },
{ "type": "Feature", "properties": { "osm_id": "30604289", "name": null, "highway": "residential" }, "geometry": { "type": "LineString", "coordinates": [ [ 80.2204048, 12.9743682 ], [ 80.2207295, 12.974324 ], [ 80.2210542, 12.9742797 ], [ 80.2211085, 12.9742612 ], [ 80.2211474, 12.9742337 ], [ 80.2211635, 12.9742089 ], [ 80.2211715, 12.9741605 ], [ 80.2211675, 12.974107 ], [ 80.2211474, 12.9738142 ], [ 80.2211541, 12.9737881 ], [ 80.2211675, 12.9737711 ], [ 80.2211983, 12.9737659 ], [ 80.221614, 12.9737478 ], [ 80.2220982, 12.9737268 ], [ 80.2222806, 12.9737188 ], [ 80.2222954, 12.9737252 ], [ 80.2223034, 12.9737371 ], [ 80.2223347, 12.9740749 ] ] } },
{ "type": "Feature", "properties": { "osm_id": "30604290", "name": null, "highway": "residential" }, "geometry": { "type": "LineString", "coordinates": [ [ 80.2233787, 12.9761907 ], [ 80.2230849, 12.9761473 ], [ 80.2227091, 12.9761274 ], [ 80.2226949, 12.9761251 ], [ 80.2226825, 12.9761177 ], [ 80.2226771, 12.9761048 ], [ 80.2226756, 12.9760921 ], [ 80.2226719, 12.9756732 ] ] } },
{ "type": "Feature", "properties": { "osm_id": "30604291", "name": null, "highway": "residential" }, "geometry": { "type": "LineString", "coordinates": [ [ 80.2231874, 12.9748906 ], [ 80.2231776, 12.9751538 ] ] } },
{ "type": "Feature", "properties": { "osm_id": "30604294", "name": "Sarathy Nagar 5th street", "highway": "residential" }, "geometry": { "type": "LineString", "coordinates": [ [ 80.2219008, 12.9749637 ], [ 80.2221786, 12.9749491 ], [ 80.2224526, 12.9750627 ], [ 80.2226906, 12.9751649 ] ] } },
{ "type": "Feature", "properties": { "osm_id": "30604295", "name": "Sarathy Nagar 1st Main Road", "highway": "residential" }, "geometry": { "type": "LineString", "coordinates": [ [ 80.2218849, 12.9747717 ], [ 80.2218997, 12.974951 ], [ 80.2219008, 12.9749637 ], [ 80.2219211, 12.9751715 ], [ 80.2219329, 12.9752918 ], [ 80.221937, 12.975391 ], [ 80.2219517, 12.9757501 ], [ 80.2219418, 12.9757854 ], [ 80.2219323, 12.975819 ], [ 80.2218618, 12.9760699 ], [ 80.2217575, 12.9762417 ] ] } },
{ "type": "Feature", "properties": { "osm_id": "30604296", "name": "Sarathy Nagar 1st street", "highway": "residential" }, "geometry": { "type": "LineString", "coordinates": [ [ 80.2219418, 12.9757854 ], [ 80.2219299, 12.9757759 ], [ 80.2218331, 12.9756672 ], [ 80.2216913, 12.975568 ] ] } },
{ "type": "Feature", "properties": { "osm_id": "30604298", "name": "Sarathy Nagar 2nd street", "highway": "residential" }, "geometry": { "type": "LineString", "coordinates": [ [ 80.2219517, 12.9757501 ], [ 80.2223191, 12.975721 ], [ 80.2226719, 12.9756732 ], [ 80.2228784, 12.9756389 ], [ 80.2228952, 12.9756357 ], [ 80.2229061, 12.9756271 ] ] } },
{ "type": "Feature", "properties": { "osm_id": "30604300", "name": "Varadarajapuram", "highway": "residential" }, "geometry": { "type": "LineString", "coordinates": [ [ 80.2222483, 12.9765627 ], [ 80.2223261, 12.9765304 ], [ 80.2223481, 12.9765252 ], [ 80.2223706, 12.9765239 ], [ 80.2227608, 12.9765378 ] ] } },
{ "type": "Feature", "properties": { "osm_id": "30604301", "name": "Velachery Bypass Road", "highway": "primary" }, "geometry": { "type": "LineString", "coordinates": [ [ 80.2184067, 12.9800506 ], [ 80.2183344, 12.9802393 ], [ 80.2182592, 12.9804939 ], [ 80.2181511, 12.9808421 ], [ 80.2180746, 12.9810724 ], [ 80.2179509, 12.9814509 ], [ 80.2179014, 12.9817607 ], [ 80.2178536, 12.982412 ], [ 80.2178532, 12.9829414 ], [ 80.2178474, 12.9830905 ], [ 80.2178496, 12.9833506 ], [ 80.2178388, 12.983921 ], [ 80.21784, 12.9844609 ], [ 80.2178505, 12.9852018 ], [ 80.217889, 12.9856366 ], [ 80.2179865, 12.9861744 ], [ 80.2180718, 12.9865688 ], [ 80.2180785, 12.986602 ], [ 80.2181306, 12.9869397 ], [ 80.2182229, 12.9874624 ] ] } },
{ "type": "Feature", "properties": { "osm_id": "30604305", "name": null, "highway": "living_street" }, "geometry": { "type": "LineString", "coordinates": [ [ 80.2184992, 12.9886272 ], [ 80.2177979, 12.9889362 ], [ 80.2177652, 12.9889439 ], [ 80.2177459, 12.9889329 ], [ 80.2177042, 12.9887565 ], [ 80.2177122, 12.9887225 ], [ 80.2177444, 12.9887094 ], [ 80.2181923, 12.9886467 ], [ 80.2182728, 12.9886336 ], [ 80.2183206, 12.9886178 ], [ 80.2184774, 12.9885594 ] ] } },
{ "type": "Feature", "properties": { "osm_id": "30604306", "name": null, "highway": "residential" }, "geometry": { "type": "LineString", "coordinates": [ [ 80.2179509, 12.9814509 ], [ 80.2172412, 12.9813608 ], [ 80.2171457, 12.981348 ], [ 80.2170693, 12.9813479 ], [ 80.2169988, 12.9813479 ], [ 80.2166713, 12.9813519 ], [ 80.2160289, 12.981334 ], [ 80.2156531, 12.9813145 ], [ 80.2153039, 12.9813017 ] ] } },
{ "type": "Feature", "properties": { "osm_id": "30604307", "name": null, "highway": "residential" }, "geometry": { "type": "LineString", "coordinates": [ [ 80.2146081, 12.9866988 ], [ 80.2145772, 12.9863212 ], [ 80.2145818, 12.9861108 ], [ 80.2145819, 12.9854935 ] ] } },
{ "type": "Feature", "properties": { "osm_id": "30604308", "name": "3rd Street", "highway": "residential" }, "geometry": { "type": "LineString", "coordinates": [ [ 80.2163977, 12.9852819 ], [ 80.2170898, 12.9850354 ], [ 80.2171811, 12.9850367 ], [ 80.217224, 12.9850589 ], [ 80.2172441, 12.9850929 ], [ 80.2172743, 12.9851726 ], [ 80.2173051, 12.9852445 ], [ 80.2173448, 12.9853748 ] ] } },
{ "type": "Feature", "properties": { "osm_id": "30605099", "name": "LIC Colony Main Road", "highway": "residential" }, "geometry": { "type": "LineString", "coordinates": [ [ 80.2226964, 12.977566 ], [ 80.2224838, 12.9775548 ], [ 80.2222232, 12.977541 ], [ 80.2219893, 12.9775311 ], [ 80.2219607, 12.9775298 ], [ 80.2213705, 12.9775075 ], [ 80.2212911, 12.9775045 ], [ 80.221206, 12.9775013 ] ] } },
{ "type": "Feature", "properties": { "osm_id": "30605100", "name": "Dhandeeswaram Nagar 10th Main Road", "highway": "residential" }, "geometry": { "type": "LineString", "coordinates": [ [ 80.2244943, 12.9786684 ], [ 80.2244896, 12.9790009 ], [ 80.2244906, 12.9795298 ] ] } },
{ "type": "Feature", "properties": { "osm_id": "30605102", "name": "Prabhu Lane", "highway": "residential" }, "geometry": { "type": "LineString", "coordinates": [ [ 80.2288933, 12.9809951 ], [ 80.2289483, 12.9816523 ] ] } },
{ "type": "Feature", "properties": { "osm_id": "30605103", "name": "Dhandeeswaram Nagar 6th Avenue(East)", "highway": "residential" }, "geometry": { "type": "LineString", "coordinates": [ [ 80.2254419, 12.9797346 ], [ 80.2261221, 12.9797584 ], [ 80.2261846, 12.9796415 ] ] } },
{ "type": "Feature", "properties": { "osm_id": "30605104", "name": null, "highway": "residential" }, "geometry": { "type": "LineString", "coordinates": [ [ 80.2254699, 12.9792498 ], [ 80.2248679, 12.9792278 ] ] } },
{ "type": "Feature", "properties": { "osm_id": "30605105", "name": "Dhandeeswaram Nagar 5th Avenue [west]", "highway": "residential" }, "geometry": { "type": "LineString", "coordinates": [ [ 80.2247026, 12.9799325 ], [ 80.2254229, 12.9799712 ] ] } },
{ "type": "Feature", "properties": { "osm_id": "30605106", "name": "Tansi Nagar 2nd Street", "highway": "residential" }, "geometry": { "type": "LineString", "coordinates": [ [ 80.223144, 12.9772234 ], [ 80.2231302, 12.9773388 ], [ 80.2231277, 12.9773759 ], [ 80.2230877, 12.9781489 ], [ 80.223146, 12.9783488 ], [ 80.2231436, 12.9791181 ], [ 80.2231383, 12.9791326 ], [ 80.2231302, 12.9791429 ], [ 80.2231191, 12.979149 ], [ 80.2231047, 12.9791514 ], [ 80.2226527, 12.9791712 ] ] } },
{ "type": "Feature", "properties": { "osm_id": "30606815", "name": null, "highway": "living_street" }, "geometry": { "type": "LineString", "coordinates": [ [ 80.2199697, 12.9876831 ], [ 80.2196329, 12.9868709 ] ] } },
{ "type": "Feature", "properties": { "osm_id": "30606816", "name": null, "highway": "residential" }, "geometry": { "type": "LineString", "coordinates": [ [ 80.2130956, 12.9816467 ], [ 80.2130987, 12.9815567 ], [ 80.2130652, 12.9815344 ], [ 80.2130122, 12.9815246 ], [ 80.212257, 12.9815478 ] ] } },
{ "type": "Feature", "properties": { "osm_id": "30606818", "name": null, "highway": "residential" }, "geometry": { "type": "LineString", "coordinates": [ [ 80.2103908, 12.9866539 ], [ 80.211445, 12.9866108 ], [ 80.2117347, 12.9866121 ] ] } },
{ "type": "Feature", "properties": { "osm_id": "30606823", "name": null, "highway": "residential" }, "geometry": { "type": "LineString", "coordinates": [ [ 80.2222179, 12.9863942 ], [ 80.2222611, 12.9865963 ], [ 80.2223251, 12.9870172 ], [ 80.2223641, 12.9872452 ] ] } },
{ "type": "Feature", "properties": { "osm_id": "30606837", "name": null, "highway": "residential" }, "geometry": { "type": "LineString", "coordinates": [ [ 80.21567, 12.9885887 ], [ 80.2157293, 12.9886611 ], [ 80.2157568, 12.988738 ], [ 80.2157574, 12.9887936 ], [ 80.2157754, 12.9890954 ], [ 80.2157772, 12.9895472 ], [ 80.2157803, 12.9895677 ], [ 80.2157937, 12.9895869 ] ] } },
{ "type": "Feature", "properties": { "osm_id": "30606842", "name": null, "highway": "residential" }, "geometry": { "type": "LineString", "coordinates": [ [ 80.2153683, 12.9887915 ], [ 80.2154108, 12.9896321 ], [ 80.2154135, 12.9896497 ], [ 80.2154223, 12.9896718 ], [ 80.2156755, 12.9902542 ] ] } },
{ "type": "Feature", "properties": { "osm_id": "30606843", "name": "Pandidurai Street", "highway": "residential" }, "geometry": { "type": "LineString", "coordinates": [ [ 80.2183136, 12.9878381 ], [ 80.2178563, 12.9879267 ], [ 80.2175131, 12.9880357 ] ] } },
{ "type": "Feature", "properties": { "osm_id": "30609121", "name": "Tansi Nagar 13 th street", "highway": "residential" }, "geometry": { "type": "LineString", "coordinates": [ [ 80.2276749, 12.9776691 ], [ 80.2262508, 12.9776026 ] ] } },
{ "type": "Feature", "properties": { "osm_id": "30609122", "name": "Tansi Nagar 10th Street", "highway": "residential" }, "geometry": { "type": "LineString", "coordinates": [ [ 80.225402, 12.9769774 ], [ 80.2253446, 12.9777619 ] ] } },
{ "type": "Feature", "properties": { "osm_id": "30609123", "name": "Tansi Nagar 19th Street", "highway": "residential" }, "geometry": { "type": "LineString", "coordinates": [ [ 80.224884, 12.9769811 ], [ 80.2249048, 12.9765924 ], [ 80.2249129, 12.9763685 ], [ 80.2249692, 12.9762857 ], [ 80.2250034, 12.9758494 ], [ 80.2250171, 12.9756688 ], [ 80.2250304, 12.9754939 ], [ 80.2250547, 12.9752323 ], [ 80.2250848, 12.9748448 ], [ 80.2250735, 12.9745014 ], [ 80.2250748, 12.9741975 ] ] } },
{ "type": "Feature", "properties": { "osm_id": "30609125", "name": "Sarathy Nagar 3rd street", "highway": "residential" }, "geometry": { "type": "LineString", "coordinates": [ [ 80.221937, 12.975391 ], [ 80.2221791, 12.9753555 ] ] } },
{ "type": "Feature", "properties": { "osm_id": "30609127", "name": "Doss Avenue", "highway": "residential" }, "geometry": { "type": "LineString", "coordinates": [ [ 80.2288747, 12.9768089 ], [ 80.2288698, 12.9772264 ], [ 80.2288688, 12.97766 ], [ 80.2288632, 12.9780251 ], [ 80.2288429, 12.978381 ] ] } },
{ "type": "Feature", "properties": { "osm_id": "30609145", "name": "Baby Nagar 1st Cross Road", "highway": "residential" }, "geometry": { "type": "LineString", "coordinates": [ [ 80.2292977, 12.9796443 ], [ 80.2292407, 12.9796437 ], [ 80.2288446, 12.9796393 ], [ 80.2283079, 12.9796363 ], [ 80.2282508, 12.979636 ], [ 80.2282606, 12.9796911 ], [ 80.2283136, 12.9799851 ], [ 80.228306, 12.9801266 ] ] } },
{ "type": "Feature", "properties": { "osm_id": "30609146", "name": "Dhandeeshwaram Nagar 7th Main Road", "highway": "residential" }, "geometry": { "type": "LineString", "coordinates": [ [ 80.2254699, 12.9792498 ], [ 80.2254419, 12.9797346 ], [ 80.2254229, 12.9799712 ], [ 80.225412, 12.9801076 ], [ 80.2253806, 12.9804998 ], [ 80.2253603, 12.980895 ], [ 80.2253573, 12.9809527 ], [ 80.2253337, 12.9813316 ], [ 80.2253304, 12.9814483 ], [ 80.2253171, 12.9817648 ], [ 80.2252919, 12.9823656 ], [ 80.2252797, 12.9825829 ], [ 80.2252746, 12.9828566 ], [ 80.2252538, 12.9832544 ] ] } },
{ "type": "Feature", "properties": { "osm_id": "30609147", "name": "Selvi Street", "highway": "residential" }, "geometry": { "type": "LineString", "coordinates": [ [ 80.2252746, 12.9828566 ], [ 80.2261238, 12.982821 ], [ 80.2267022, 12.9827907 ], [ 80.2270877, 12.9827431 ] ] } },
{ "type": "Feature", "properties": { "osm_id": "30609149", "name": "Madavmani Avenue", "highway": "residential" }, "geometry": { "type": "LineString", "coordinates": [ [ 80.2212104, 12.9770381 ], [ 80.2218668, 12.9770335 ] ] } },
{ "type": "Feature", "properties": { "osm_id": "30609150", "name": null, "highway": "residential" }, "geometry": { "type": "LineString", "coordinates": [ [ 80.2220233, 12.97763 ], [ 80.2220093, 12.9777635 ], [ 80.2220098, 12.9777836 ], [ 80.2220147, 12.9778048 ], [ 80.2220318, 12.9778109 ], [ 80.22221, 12.9778207 ] ] } },
{ "type": "Feature", "properties": { "osm_id": "30609151", "name": "Dhandeeshwaram Nagar 2nd Avenue (East)", "highway": "residential" }, "geometry": { "type": "LineString", "coordinates": [ [ 80.2253337, 12.9813316 ], [ 80.2259448, 12.9813864 ] ] } },
{ "type": "Feature", "properties": { "osm_id": "30609152", "name": "Hudson Avenue", "highway": "residential" }, "geometry": { "type": "LineString", "coordinates": [ [ 80.2263053, 12.9816352 ], [ 80.2267286, 12.981642 ] ] } },
{ "type": "Feature", "properties": { "osm_id": "30609154", "name": "Vellalar Street", "highway": "residential" }, "geometry": { "type": "LineString", "coordinates": [ [ 80.2276476, 12.9848093 ], [ 80.2280354, 12.9847862 ], [ 80.2281808, 12.9847775 ], [ 80.2284436, 12.9847619 ], [ 80.2288124, 12.9847405 ] ] } },
{ "type": "Feature", "properties": { "osm_id": "30609156", "name": "Dhandapani Street", "highway": "residential" }, "geometry": { "type": "LineString", "coordinates": [ [ 80.2288598, 12.9857723 ], [ 80.2288437, 12.9851796 ], [ 80.2288415, 12.985075 ], [ 80.2288124, 12.9847405 ], [ 80.228801, 12.9846253 ], [ 80.2287608, 12.9841357 ], [ 80.2287272, 12.9838421 ], [ 80.2286885, 12.9833175 ] ] } },
{ "type": "Feature", "properties": { "osm_id": "30609723", "name": null, "highway": "residential" }, "geometry": { "type": "LineString", "coordinates": [ [ 80.224993, 12.9853488 ], [ 80.2249897, 12.9853079 ], [ 80.2249717, 12.9852608 ], [ 80.2249374, 12.9851881 ] ] } },
{ "type": "Feature", "properties": { "osm_id": "83912307", "name": "Dhroupathy Amman Koil Street", "highway": "tertiary" }, "geometry": { "type": "LineString", "coordinates": [ [ 80.2230567, 12.9870692 ], [ 80.2223641, 12.9872452 ], [ 80.2221845, 12.9873185 ], [ 80.2219662, 12.9874128 ], [ 80.2219036, 12.987436 ], [ 80.221345, 12.9876696 ], [ 80.2212458, 12.9877111 ], [ 80.2205954, 12.9879964 ], [ 80.2203267, 12.9881142 ], [ 80.2201434, 12.9881703 ], [ 80.2199253, 12.988206 ], [ 80.2195555, 12.988273 ], [ 80.2192208, 12.9883431 ], [ 80.2185724, 12.9885725 ] ] } },
{ "type": "Feature", "properties": { "osm_id": "98639495", "name": "Inner Ring Road (Southern Sector)", "highway": "primary" }, "geometry": { "type": "LineString", "coordinates": [ [ 80.2157378, 12.9685541 ], [ 80.215569, 12.9687091 ], [ 80.2135887, 12.9703817 ], [ 80.2129776, 12.9709104 ], [ 80.2122459, 12.9715434 ], [ 80.2116082, 12.9720929 ], [ 80.2107077, 12.9728689 ], [ 80.209942, 12.9735511 ], [ 80.2098967, 12.9736228 ] ] } },
{ "type": "Feature", "properties": { "osm_id": "108148362", "name": null, "highway": "residential" }, "geometry": { "type": "LineString", "coordinates": [ [ 80.2189814, 12.9722773 ], [ 80.2190144, 12.9726125 ], [ 80.2190276, 12.9731728 ], [ 80.2190119, 12.9738405 ] ] } },
{ "type": "Feature", "properties": { "osm_id": "108148363", "name": null, "highway": "residential" }, "geometry": { "type": "LineString", "coordinates": [ [ 80.2193384, 12.9722123 ], [ 80.2189814, 12.9722773 ], [ 80.2184256, 12.9723398 ] ] } },
{ "type": "Feature", "properties": { "osm_id": "131909326", "name": null, "highway": "residential" }, "geometry": { "type": "LineString", "coordinates": [ [ 80.2119594, 12.9749921 ], [ 80.2126029, 12.9750123 ] ] } },
{ "type": "Feature", "properties": { "osm_id": "132509244", "name": "Sastri Road", "highway": "residential" }, "geometry": { "type": "LineString", "coordinates": [ [ 80.2279979, 12.9743239 ], [ 80.2281127, 12.974331 ], [ 80.2280893, 12.9746813 ], [ 80.2280324, 12.9751048 ], [ 80.2280216, 12.9752096 ], [ 80.2279986, 12.9754343 ], [ 80.227992, 12.9754982 ], [ 80.2279348, 12.9758988 ], [ 80.2278877, 12.9760377 ], [ 80.2278407, 12.9762448 ], [ 80.2278161, 12.9763861 ], [ 80.2277605, 12.9765721 ], [ 80.2277173, 12.9767825 ], [ 80.227689, 12.9769046 ] ] } },
{ "type": "Feature", "properties": { "osm_id": "132509245", "name": "VGP Selva Nagar 2nd Street", "highway": "residential" }, "geometry": { "type": "LineString", "coordinates": [ [ 80.2204437, 12.971013 ], [ 80.220318, 12.9700973 ] ] } },
{ "type": "Feature", "properties": { "osm_id": "132509246", "name": "Balaji Street", "highway": "residential" }, "geometry": { "type": "LineString", "coordinates": [ [ 80.2278353, 12.9784227 ], [ 80.227806, 12.9791782 ], [ 80.2278093, 12.97919 ], [ 80.2278179, 12.9791993 ] ] } },
{ "type": "Feature", "properties": { "osm_id": "132509247", "name": null, "highway": "residential" }, "geometry": { "type": "LineString", "coordinates": [ [ 80.2229675, 12.9722662 ], [ 80.2234588, 12.9722446 ] ] } },
{ "type": "Feature", "properties": { "osm_id": "132509250", "name": "Sastri Road", "highway": "residential" }, "geometry": { "type": "LineString", "coordinates": [ [ 80.2276763, 12.9772017 ], [ 80.227689, 12.9769046 ] ] } },
{ "type": "Feature", "properties": { "osm_id": "132509251", "name": null, "highway": "residential" }, "geometry": { "type": "LineString", "coordinates": [ [ 80.2229899, 12.9726131 ], [ 80.2235096, 12.9725852 ] ] } },
{ "type": "Feature", "properties": { "osm_id": "132509252", "name": "VGP Selva Nagar Extension 4th Street", "highway": "residential" }, "geometry": { "type": "LineString", "coordinates": [ [ 80.2235031, 12.9723584 ], [ 80.2252901, 12.9726187 ] ] } },
{ "type": "Feature", "properties": { "osm_id": "132509253", "name": "Church Gate Avenue", "highway": "residential" }, "geometry": { "type": "LineString", "coordinates": [ [ 80.2262241, 12.9784054 ], [ 80.2263361, 12.9784165 ], [ 80.2269142, 12.9787684 ] ] } },
{ "type": "Feature", "properties": { "osm_id": "132509255", "name": "Baby Nagar 2nd Main Road", "highway": "residential" }, "geometry": { "type": "LineString", "coordinates": [ [ 80.2288231, 12.9792349 ], [ 80.2288446, 12.9796393 ], [ 80.2288393, 12.9800479 ], [ 80.2288385, 12.9800643 ], [ 80.2288338, 12.9800799 ], [ 80.2288212, 12.9800888 ], [ 80.2288038, 12.980093 ], [ 80.2283929, 12.9801425 ] ] } },
{ "type": "Feature", "properties": { "osm_id": "132509256", "name": null, "highway": "residential" }, "geometry": { "type": "LineString", "coordinates": [ [ 80.2234972, 12.9714473 ], [ 80.2250879, 12.971617 ] ] } },
{ "type": "Feature", "properties": { "osm_id": "132509257", "name": "Church Gate Avenue", "highway": "residential" }, "geometry": { "type": "LineString", "coordinates": [ [ 80.2268928, 12.9793422 ], [ 80.2269142, 12.9787684 ] ] } },
{ "type": "Feature", "properties": { "osm_id": "132509259", "name": "VGP Selva Nagar 2nd Main Road", "highway": "residential" }, "geometry": { "type": "LineString", "coordinates": [ [ 80.2235316, 12.9709226 ], [ 80.2231087, 12.9708735 ], [ 80.2225309, 12.9708188 ], [ 80.221988, 12.9707746 ], [ 80.2204437, 12.971013 ], [ 80.2198786, 12.971114 ] ] } },
{ "type": "Feature", "properties": { "osm_id": "132509261", "name": null, "highway": "residential" }, "geometry": { "type": "LineString", "coordinates": [ [ 80.2242988, 12.9765222 ], [ 80.2249048, 12.9765924 ], [ 80.2257467, 12.9766018 ] ] } },
{ "type": "Feature", "properties": { "osm_id": "132509262", "name": "VGP Selva Nagar Ext 5th Street", "highway": "residential" }, "geometry": { "type": "LineString", "coordinates": [ [ 80.222742, 12.9718482 ], [ 80.222943, 12.9718728 ], [ 80.2230228, 12.9718812 ], [ 80.2234566, 12.9719286 ] ] } },
{ "type": "Feature", "properties": { "osm_id": "132509263", "name": "Anna Nagar 1st Street", "highway": "residential" }, "geometry": { "type": "LineString", "coordinates": [ [ 80.2250748, 12.9741975 ], [ 80.2256153, 12.9742391 ], [ 80.2260175, 12.9742569 ], [ 80.2264706, 12.9742879 ], [ 80.2266091, 12.9742974 ], [ 80.2268409, 12.9743071 ], [ 80.2269619, 12.9743122 ], [ 80.2272402, 12.9743328 ] ] } },
{ "type": "Feature", "properties": { "osm_id": "132509264", "name": "Bethel Avenue Main Road", "highway": "residential" }, "geometry": { "type": "LineString", "coordinates": [ [ 80.222943, 12.9718728 ], [ 80.2229675, 12.9722662 ], [ 80.2229899, 12.9726131 ] ] } },
{ "type": "Feature", "properties": { "osm_id": "132509266", "name": null, "highway": "residential" }, "geometry": { "type": "LineString", "coordinates": [ [ 80.2211396, 12.9721065 ], [ 80.2212586, 12.9721012 ], [ 80.2216937, 12.9720819 ], [ 80.2216291, 12.9715145 ], [ 80.2226729, 12.9713685 ], [ 80.2227131, 12.971839 ], [ 80.222742, 12.9718482 ] ] } },
{ "type": "Feature", "properties": { "osm_id": "132509267", "name": null, "highway": "residential" }, "geometry": { "type": "LineString", "coordinates": [ [ 80.2234836, 12.9739831 ], [ 80.2234776, 12.9739658 ], [ 80.2234789, 12.9739495 ], [ 80.2235034, 12.9735514 ], [ 80.2235311, 12.9731723 ], [ 80.2235157, 12.9729261 ], [ 80.2235131, 12.9727804 ], [ 80.2235096, 12.9725852 ], [ 80.2235031, 12.9723584 ], [ 80.2234588, 12.9722446 ], [ 80.2234566, 12.9719286 ] ] } },
{ "type": "Feature", "properties": { "osm_id": "139357034", "name": "Service Road", "highway": "residential" }, "geometry": { "type": "LineString", "coordinates": [ [ 80.2265993, 12.9794126 ], [ 80.2254874, 12.9787481 ], [ 80.2250409, 12.9784922 ], [ 80.2247125, 12.9782926 ], [ 80.2245012, 12.9781672 ], [ 80.224276, 12.9780426 ], [ 80.2239033, 12.9778204 ], [ 80.223629, 12.9776469 ], [ 80.2235256, 12.977583 ], [ 80.2231302, 12.9773388 ], [ 80.2228785, 12.9771439 ] ] } },
{ "type": "Feature", "properties": { "osm_id": "151247559", "name": "Bharathi Street", "highway": "residential" }, "geometry": { "type": "LineString", "coordinates": [ [ 80.2277059, 12.9784282 ], [ 80.2278353, 12.9784227 ], [ 80.228518, 12.9783935 ], [ 80.2288429, 12.978381 ] ] } },
{ "type": "Feature", "properties": { "osm_id": "151247562", "name": "Film Street", "highway": "residential" }, "geometry": { "type": "LineString", "coordinates": [ [ 80.226268, 12.9772219 ], [ 80.2276788, 12.9772974 ] ] } },
{ "type": "Feature", "properties": { "osm_id": "151247563", "name": "Vivekananda Street", "highway": "residential" }, "geometry": { "type": "LineString", "coordinates": [ [ 80.2274537, 12.9784206 ], [ 80.2271974, 12.9784118 ], [ 80.2271887, 12.9784095 ], [ 80.2271817, 12.9784033 ], [ 80.2271783, 12.9783954 ], [ 80.2271783, 12.9783857 ], [ 80.2271864, 12.9780759 ], [ 80.227185, 12.9780583 ], [ 80.227173, 12.9780432 ], [ 80.2271575, 12.9780354 ], [ 80.2271408, 12.9780341 ], [ 80.2268903, 12.9780291 ] ] } },
{ "type": "Feature", "properties": { "osm_id": "151247564", "name": "Anna Nagar 4th Main Road", "highway": "residential" }, "geometry": { "type": "LineString", "coordinates": [ [ 80.2259433, 12.9752532 ], [ 80.2260006, 12.9748515 ], [ 80.2260175, 12.9742569 ], [ 80.2260216, 12.9738876 ], [ 80.2260266, 12.9734479 ], [ 80.2260306, 12.9730901 ], [ 80.2260329, 12.9728871 ] ] } },
{ "type": "Feature", "properties": { "osm_id": "151247566", "name": "Gopal Street", "highway": "residential" }, "geometry": { "type": "LineString", "coordinates": [ [ 80.2274537, 12.9784206 ], [ 80.2274089, 12.9796622 ] ] } },
{ "type": "Feature", "properties": { "osm_id": "151332202", "name": "Pillaiyar Koil Street", "highway": "residential" }, "geometry": { "type": "LineString", "coordinates": [ [ 80.2290174, 12.9752067 ], [ 80.228619, 12.9751655 ], [ 80.2280324, 12.9751048 ] ] } },
{ "type": "Feature", "properties": { "osm_id": "151332203", "name": "Anna Nagar 5th Main Road", "highway": "residential" }, "geometry": { "type": "LineString", "coordinates": [ [ 80.2273606, 12.9726799 ], [ 80.2264542, 12.972544 ], [ 80.2263107, 12.9725601 ], [ 80.225415, 12.9723671 ] ] } },
{ "type": "Feature", "properties": { "osm_id": "151332455", "name": "VPG Selva Nagar Extension 1st Street", "highway": "residential" }, "geometry": { "type": "LineString", "coordinates": [ [ 80.2235034, 12.9735514 ], [ 80.2250934, 12.9737606 ] ] } },
{ "type": "Feature", "properties": { "osm_id": "151332456", "name": "VGP Selva Nagar Extension 2nd Street", "highway": "residential" }, "geometry": { "type": "LineString", "coordinates": [ [ 80.2235311, 12.9731723 ], [ 80.2251227, 12.9733737 ] ] } },
{ "type": "Feature", "properties": { "osm_id": "151332578", "name": "VPG Selva Nagar Extension 3rd Street", "highway": "residential" }, "geometry": { "type": "LineString", "coordinates": [ [ 80.2235131, 12.9727804 ], [ 80.2251309, 12.9729847 ] ] } },
{ "type": "Feature", "properties": { "osm_id": "151332579", "name": null, "highway": "residential" }, "geometry": { "type": "LineString", "coordinates": [ [ 80.2262577, 12.9729228 ], [ 80.2260329, 12.9728871 ], [ 80.2256111, 12.9728289 ], [ 80.2252326, 12.9727709 ] ] } },
{ "type": "Feature", "properties": { "osm_id": "151332580", "name": "Anna Nagar 3rd cross", "highway": "residential" }, "geometry": { "type": "LineString", "coordinates": [ [ 80.2267568, 12.9734739 ], [ 80.2266091, 12.9742974 ] ] } },
{ "type": "Feature", "properties": { "osm_id": "151332581", "name": null, "highway": "residential" }, "geometry": { "type": "LineString", "coordinates": [ [ 80.2256111, 12.9728289 ], [ 80.225614, 12.9738129 ], [ 80.2256153, 12.9742391 ] ] } },
{ "type": "Feature", "properties": { "osm_id": "163421079", "name": "N Home Line", "highway": "residential" }, "geometry": { "type": "LineString", "coordinates": [ [ 80.2194883, 12.977206 ], [ 80.2190408, 12.977193 ], [ 80.2190472, 12.9768919 ], [ 80.2190391, 12.9767769 ], [ 80.2190088, 12.9763109 ], [ 80.2189812, 12.9758898 ] ] } },
{ "type": "Feature", "properties": { "osm_id": "163421112", "name": null, "highway": "residential" }, "geometry": { "type": "LineString", "coordinates": [ [ 80.2190391, 12.9767769 ], [ 80.2194252, 12.976792 ] ] } },
{ "type": "Feature", "properties": { "osm_id": "164933723", "name": "Veenus Colony 4th Cross", "highway": "residential" }, "geometry": { "type": "LineString", "coordinates": [ [ 80.2290902, 12.9742782 ], [ 80.2284164, 12.9740534 ], [ 80.2280482, 12.9739996 ] ] } },
{ "type": "Feature", "properties": { "osm_id": "164933893", "name": null, "highway": "residential" }, "geometry": { "type": "LineString", "coordinates": [ [ 80.2228224, 12.972625 ], [ 80.2229899, 12.9726131 ] ] } },
{ "type": "Feature", "properties": { "osm_id": "165273142", "name": null, "highway": "residential" }, "geometry": { "type": "LineString", "coordinates": [ [ 80.2225268, 12.9711222 ], [ 80.2225294, 12.9711106 ], [ 80.2225294, 12.9710979 ], [ 80.2225309, 12.9708188 ] ] } },
{ "type": "Feature", "properties": { "osm_id": "178647161", "name": "3rd Main Road", "highway": "residential" }, "geometry": { "type": "LineString", "coordinates": [ [ 80.2164319, 12.9747602 ], [ 80.2185518, 12.9748205 ], [ 80.219798, 12.974749 ] ] } },
{ "type": "Feature", "properties": { "osm_id": "178647162", "name": "4th Main Road", "highway": "residential" }, "geometry": { "type": "LineString", "coordinates": [ [ 80.2196271, 12.9743413 ], [ 80.2191585, 12.9744912 ], [ 80.2185705, 12.9744638 ] ] } },
{ "type": "Feature", "properties": { "osm_id": "178647163", "name": "5th Main Road", "highway": "residential" }, "geometry": { "type": "LineString", "coordinates": [ [ 80.2199475, 12.9738151 ], [ 80.2195488, 12.9738301 ], [ 80.2190119, 12.9738405 ], [ 80.2185729, 12.9738228 ], [ 80.2182756, 12.9737998 ] ] } },
{ "type": "Feature", "properties": { "osm_id": "188010447", "name": "Bethel Avenue Main Road", "highway": "residential" }, "geometry": { "type": "LineString", "coordinates": [ [ 80.2230228, 12.9718812 ], [ 80.2230569, 12.9714526 ], [ 80.2230814, 12.9711446 ], [ 80.2231087, 12.9708735 ] ] } },
{ "type": "Feature", "properties": { "osm_id": "203214151", "name": "Velachery Bypass Road", "highway": "primary" }, "geometry": { "type": "LineString", "coordinates": [ [ 80.2182229, 12.9874624 ], [ 80.2183136, 12.9878381 ], [ 80.2184145, 12.9883099 ], [ 80.2184774, 12.9885594 ], [ 80.2184992, 12.9886272 ], [ 80.2185515, 12.9888528 ], [ 80.2185645, 12.9888972 ], [ 80.2186342, 12.9890918 ], [ 80.2187914, 12.9895792 ], [ 80.2189838, 12.9900885 ], [ 80.219162, 12.9905819 ], [ 80.2193372, 12.9910729 ], [ 80.2194492, 12.9913927 ] ] } },
{ "type": "Feature", "properties": { "osm_id": "204649771", "name": "Road in Baby Nagar", "highway": "residential" }, "geometry": { "type": "LineString", "coordinates": [ [ 80.2293003, 12.9806072 ], [ 80.2291862, 12.9805565 ], [ 80.228514, 12.9801991 ], [ 80.2284183, 12.9801544 ], [ 80.2283929, 12.9801425 ], [ 80.228306, 12.9801266 ], [ 80.2282523, 12.9801764 ] ] } },
{ "type": "Feature", "properties": { "osm_id": "206642431", "name": null, "highway": "residential" }, "geometry": { "type": "LineString", "coordinates": [ [ 80.212148, 12.97145 ], [ 80.2120179, 12.9709179 ], [ 80.2119021, 12.9703914 ], [ 80.2118092, 12.969897 ] ] } },
{ "type": "Feature", "properties": { "osm_id": "206658378", "name": null, "highway": "residential" }, "geometry": { "type": "LineString", "coordinates": [ [ 80.2126142, 12.9732853 ], [ 80.2119183, 12.9733426 ] ] } },
{ "type": "Feature", "properties": { "osm_id": "206658380", "name": "2nd Main Road", "highway": "residential" }, "geometry": { "type": "LineString", "coordinates": [ [ 80.2103069, 12.9787681 ], [ 80.2112061, 12.9788912 ], [ 80.2116257, 12.9789436 ], [ 80.2125556, 12.9789769 ] ] } },
{ "type": "Feature", "properties": { "osm_id": "206658381", "name": null, "highway": "residential" }, "geometry": { "type": "LineString", "coordinates": [ [ 80.2170521, 12.9785868 ], [ 80.2174881, 12.9785932 ] ] } },
{ "type": "Feature", "properties": { "osm_id": "206658383", "name": "3rd Main Road", "highway": "residential" }, "geometry": { "type": "LineString", "coordinates": [ [ 80.210307, 12.97835 ], [ 80.2116397, 12.9785906 ] ] } },
{ "type": "Feature", "properties": { "osm_id": "206658384", "name": null, "highway": "residential" }, "geometry": { "type": "LineString", "coordinates": [ [ 80.2111096, 12.9769278 ], [ 80.2111245, 12.9763121 ] ] } },
{ "type": "Feature", "properties": { "osm_id": "206658385", "name": null, "highway": "residential" }, "geometry": { "type": "LineString", "coordinates": [ [ 80.2141345, 12.9764112 ], [ 80.2136293, 12.9763642 ] ] } },
{ "type": "Feature", "properties": { "osm_id": "206658389", "name": null, "highway": "residential" }, "geometry": { "type": "LineString", "coordinates": [ [ 80.2141867, 12.9760316 ], [ 80.2137668, 12.9759882 ], [ 80.2135833, 12.9759725 ] ] } },
{ "type": "Feature", "properties": { "osm_id": "206658390", "name": null, "highway": "residential" }, "geometry": { "type": "LineString", "coordinates": [ [ 80.217557, 12.9792803 ], [ 80.2175786, 12.9790816 ], [ 80.2175725, 12.9790622 ], [ 80.2175494, 12.9790406 ], [ 80.2173379, 12.9790112 ] ] } },
{ "type": "Feature", "properties": { "osm_id": "206658391", "name": null, "highway": "residential" }, "geometry": { "type": "LineString", "coordinates": [ [ 80.2144047, 12.9805572 ], [ 80.2143943, 12.9805615 ], [ 80.2143825, 12.9805618 ], [ 80.2135302, 12.9805132 ], [ 80.2131882, 12.980487 ], [ 80.2126335, 12.9804436 ] ] } },
{ "type": "Feature", "properties": { "osm_id": "206658393", "name": null, "highway": "residential" }, "geometry": { "type": "LineString", "coordinates": [ [ 80.2119891, 12.9759427 ], [ 80.2125413, 12.9759941 ], [ 80.2129794, 12.9760344 ] ] } },
{ "type": "Feature", "properties": { "osm_id": "206658394", "name": null, "highway": "residential" }, "geometry": { "type": "LineString", "coordinates": [ [ 80.2119181, 12.9765077 ], [ 80.2124851, 12.9765599 ], [ 80.2125227, 12.9765796 ], [ 80.2125415, 12.9766188 ], [ 80.2125362, 12.9767664 ] ] } },
{ "type": "Feature", "properties": { "osm_id": "206658395", "name": "Andal Nagar Extension 1st Street", "highway": "residential" }, "geometry": { "type": "LineString", "coordinates": [ [ 80.2111385, 12.9795738 ], [ 80.2125432, 12.9797168 ] ] } },
{ "type": "Feature", "properties": { "osm_id": "206658396", "name": null, "highway": "residential" }, "geometry": { "type": "LineString", "coordinates": [ [ 80.2126891, 12.9806932 ], [ 80.2121825, 12.9806685 ], [ 80.2115587, 12.9806824 ], [ 80.2110627, 12.9806808 ] ] } },
{ "type": "Feature", "properties": { "osm_id": "206658398", "name": null, "highway": "residential" }, "geometry": { "type": "LineString", "coordinates": [ [ 80.2107404, 12.9769079 ], [ 80.2108681, 12.9769097 ], [ 80.2111096, 12.9769278 ], [ 80.2113366, 12.9769449 ], [ 80.2118634, 12.9770087 ] ] } },
{ "type": "Feature", "properties": { "osm_id": "206658400", "name": null, "highway": "residential" }, "geometry": { "type": "LineString", "coordinates": [ [ 80.212909, 12.977473 ], [ 80.2129214, 12.9774659 ], [ 80.2129371, 12.9774623 ], [ 80.2130122, 12.9774708 ], [ 80.2130384, 12.9774702 ], [ 80.2130619, 12.9774571 ], [ 80.2130793, 12.9774408 ], [ 80.2130847, 12.9774179 ], [ 80.2131167, 12.977008 ], [ 80.2131239, 12.9769141 ], [ 80.2131218, 12.9769085 ], [ 80.2131159, 12.976905 ], [ 80.2131088, 12.976904 ], [ 80.2129318, 12.9768821 ], [ 80.2129157, 12.9768785 ], [ 80.2129042, 12.9768736 ] ] } },
{ "type": "Feature", "properties": { "osm_id": "206673799", "name": "Golden Avenue 2nd Street", "highway": "residential" }, "geometry": { "type": "LineString", "coordinates": [ [ 80.2169641, 12.9772296 ], [ 80.2163537, 12.9771911 ] ] } },
{ "type": "Feature", "properties": { "osm_id": "206673808", "name": "Sri Devi Karumari Amman Nagar 5th Street", "highway": "residential" }, "geometry": { "type": "LineString", "coordinates": [ [ 80.2163033, 12.9760836 ], [ 80.2155805, 12.9760869 ], [ 80.2151986, 12.9761267 ] ] } },
{ "type": "Feature", "properties": { "osm_id": "206673810", "name": null, "highway": "service" }, "geometry": { "type": "LineString", "coordinates": [ [ 80.218081, 12.980465 ], [ 80.2180926, 12.9802647 ], [ 80.2180873, 12.9802371 ], [ 80.2180638, 12.9802157 ], [ 80.2176232, 12.9802026 ], [ 80.217598, 12.9802075 ], [ 80.2175838, 12.9802332 ], [ 80.2175776, 12.9804319 ], [ 80.2175871, 12.9804502 ] ] } },
{ "type": "Feature", "properties": { "osm_id": "206673812", "name": "Sri Devi Karumari Amman Nagar 7th Street", "highway": "residential" }, "geometry": { "type": "LineString", "coordinates": [ [ 80.2170377, 12.9765375 ], [ 80.2182223, 12.9766035 ], [ 80.2183318, 12.9766096 ] ] } },
{ "type": "Feature", "properties": { "osm_id": "206673815", "name": "Yamuna Street", "highway": "residential" }, "geometry": { "type": "LineString", "coordinates": [ [ 80.2169036, 12.9778537 ], [ 80.21618, 12.9778241 ] ] } },
{ "type": "Feature", "properties": { "osm_id": "206673821", "name": null, "highway": "service" }, "geometry": { "type": "LineString", "coordinates": [ [ 80.218081, 12.980465 ], [ 80.2176051, 12.9804586 ], [ 80.2175871, 12.9804502 ] ] } },
{ "type": "Feature", "properties": { "osm_id": "206673825", "name": null, "highway": "residential" }, "geometry": { "type": "LineString", "coordinates": [ [ 80.2153643, 12.9767775 ], [ 80.2149529, 12.9767907 ], [ 80.2149388, 12.976796 ], [ 80.2149311, 12.9768089 ], [ 80.2149301, 12.9768254 ], [ 80.2149392, 12.9769947 ] ] } },
{ "type": "Feature", "properties": { "osm_id": "206673827", "name": "2nd Street", "highway": "residential" }, "geometry": { "type": "LineString", "coordinates": [ [ 80.21166, 12.9847935 ], [ 80.2129242, 12.9847857 ] ] } },
{ "type": "Feature", "properties": { "osm_id": "206673850", "name": null, "highway": "residential" }, "geometry": { "type": "LineString", "coordinates": [ [ 80.2143194, 12.9769513 ], [ 80.2149392, 12.9769947 ] ] } },
{ "type": "Feature", "properties": { "osm_id": "206673851", "name": null, "highway": "residential" }, "geometry": { "type": "LineString", "coordinates": [ [ 80.214315, 12.9770889 ], [ 80.2139301, 12.9770665 ], [ 80.21343, 12.9770374 ] ] } },
{ "type": "Feature", "properties": { "osm_id": "206673853", "name": "Narmadha Street", "highway": "residential" }, "geometry": { "type": "LineString", "coordinates": [ [ 80.2169049, 12.977546 ], [ 80.2161665, 12.977495 ], [ 80.216139, 12.9774708 ], [ 80.2161203, 12.9774395 ], [ 80.2161219, 12.9771982 ] ] } },
{ "type": "Feature", "properties": { "osm_id": "206673866", "name": "Sri Devi Karumari Amman Nagar 8th Street", "highway": "residential" }, "geometry": { "type": "LineString", "coordinates": [ [ 80.2170782, 12.9761651 ], [ 80.2182454, 12.9762582 ] ] } },
{ "type": "Feature", "properties": { "osm_id": "206673870", "name": null, "highway": "residential" }, "geometry": { "type": "LineString", "coordinates": [ [ 80.2165558, 12.9841594 ], [ 80.2160322, 12.9841101 ], [ 80.2154985, 12.9840564 ] ] } },
{ "type": "Feature", "properties": { "osm_id": "206673883", "name": null, "highway": "residential" }, "geometry": { "type": "LineString", "coordinates": [ [ 80.2191203, 12.9781166 ], [ 80.2185709, 12.9780996 ], [ 80.2185614, 12.9780955 ], [ 80.2185563, 12.978088 ], [ 80.2185565, 12.9780789 ], [ 80.2185856, 12.9771813 ], [ 80.2186165, 12.9768831 ], [ 80.2186252, 12.9768687 ], [ 80.2186423, 12.9768638 ], [ 80.2190472, 12.9768919 ] ] } },
{ "type": "Feature", "properties": { "osm_id": "206673891", "name": "Golden Avenue 1st Street", "highway": "residential" }, "geometry": { "type": "LineString", "coordinates": [ [ 80.2169886, 12.9770634 ], [ 80.2164195, 12.9770213 ] ] } },
{ "type": "Feature", "properties": { "osm_id": "206673893", "name": "Sri Devi Karumari Amman Nagar 6th Street", "highway": "residential" }, "geometry": { "type": "LineString", "coordinates": [ [ 80.2162909, 12.9761855 ], [ 80.2170706, 12.976225 ] ] } },
{ "type": "Feature", "properties": { "osm_id": "206793338", "name": "IIT Velachery Gate", "highway": "service" }, "geometry": { "type": "LineString", "coordinates": [ [ 80.2231321, 12.9879031 ], [ 80.2231554, 12.9879166 ], [ 80.2232194, 12.9879504 ], [ 80.2232738, 12.9879751 ] ] } },
{ "type": "Feature", "properties": { "osm_id": "206793340", "name": null, "highway": "residential" }, "geometry": { "type": "LineString", "coordinates": [ [ 80.2231321, 12.9879031 ], [ 80.223102, 12.9878774 ], [ 80.2230558, 12.9878444 ] ] } },
{ "type": "Feature", "properties": { "osm_id": "206807730", "name": "Tansi Nagar 8th Street", "highway": "residential" }, "geometry": { "type": "LineString", "coordinates": [ [ 80.2249966, 12.9774734 ], [ 80.2242216, 12.9774046 ] ] } },
{ "type": "Feature", "properties": { "osm_id": "206807731", "name": "Anna Nagar 2nd cross", "highway": "residential" }, "geometry": { "type": "LineString", "coordinates": [ [ 80.2269619, 12.9743122 ], [ 80.2270689, 12.9735361 ] ] } },
{ "type": "Feature", "properties": { "osm_id": "206807733", "name": "Tansi Nagar 4th Street", "highway": "residential" }, "geometry": { "type": "LineString", "coordinates": [ [ 80.2235055, 12.9781336 ], [ 80.2238867, 12.9781434 ], [ 80.2245012, 12.9781672 ] ] } },
{ "type": "Feature", "properties": { "osm_id": "206807734", "name": "4th Main Road", "highway": "residential" }, "geometry": { "type": "LineString", "coordinates": [ [ 80.2255222, 12.9719875 ], [ 80.2259094, 12.9720509 ], [ 80.2263328, 12.9721202 ], [ 80.2267088, 12.9721818 ], [ 80.2271082, 12.9722687 ], [ 80.2273973, 12.9723134 ], [ 80.2276129, 12.9723255 ] ] } },
{ "type": "Feature", "properties": { "osm_id": "206807738", "name": null, "highway": "service" }, "geometry": { "type": "LineString", "coordinates": [ [ 80.2271946, 12.9758421 ], [ 80.2271649, 12.9758272 ], [ 80.227102, 12.9758077 ], [ 80.2263147, 12.9755916 ] ] } },
{ "type": "Feature", "properties": { "osm_id": "206807739", "name": null, "highway": "residential" }, "geometry": { "type": "LineString", "coordinates": [ [ 80.2249692, 12.9762857 ], [ 80.2250128, 12.9762823 ], [ 80.225394, 12.9762482 ], [ 80.2254051, 12.9762453 ], [ 80.225413, 12.9762375 ], [ 80.2254876, 12.9759284 ], [ 80.2254849, 12.9759197 ], [ 80.2254782, 12.975914 ], [ 80.2252728, 12.9758558 ] ] } },
{ "type": "Feature", "properties": { "osm_id": "206807740", "name": "Muthu Krishnan Street", "highway": "residential" }, "geometry": { "type": "LineString", "coordinates": [ [ 80.2244578, 12.9704653 ], [ 80.2247951, 12.9705134 ], [ 80.2255985, 12.970615 ], [ 80.2256253, 12.9706209 ], [ 80.2256478, 12.9706375 ], [ 80.2256609, 12.9706568 ], [ 80.2256656, 12.9706777 ], [ 80.2256063, 12.9711146 ], [ 80.225604, 12.9711316 ] ] } },
{ "type": "Feature", "properties": { "osm_id": "206807741", "name": "Sarathy Nagar 5th street", "highway": "residential" }, "geometry": { "type": "LineString", "coordinates": [ [ 80.2234069, 12.9747411 ], [ 80.2234052, 12.9743876 ], [ 80.2233931, 12.9741129 ], [ 80.2233857, 12.9740201 ], [ 80.2234033, 12.973994 ], [ 80.2234393, 12.9739822 ], [ 80.2234836, 12.9739831 ] ] } },
{ "type": "Feature", "properties": { "osm_id": "206807742", "name": null, "highway": "residential" }, "geometry": { "type": "LineString", "coordinates": [ [ 80.2280917, 12.9737523 ], [ 80.2285608, 12.9738279 ], [ 80.2291262, 12.9740286 ] ] } },
{ "type": "Feature", "properties": { "osm_id": "206809952", "name": "Gandhi Road", "highway": "tertiary" }, "geometry": { "type": "LineString", "coordinates": [ [ 80.2308471, 12.9855409 ], [ 80.2308097, 12.9855582 ], [ 80.2306584, 12.9856042 ], [ 80.2305427, 12.9856295 ], [ 80.2303928, 12.9856589 ], [ 80.2299023, 12.9857031 ], [ 80.2298455, 12.9857119 ], [ 80.2296926, 12.9857334 ], [ 80.22908, 12.9857575 ], [ 80.2288598, 12.9857723 ], [ 80.2286821, 12.9857875 ], [ 80.2281449, 12.9858832 ], [ 80.2278403, 12.9859739 ], [ 80.227751, 12.9860005 ], [ 80.227654, 12.9860201 ], [ 80.2275176, 12.9860541 ], [ 80.2271697, 12.9861121 ], [ 80.2271126, 12.9861207 ], [ 80.2264917, 12.9862028 ], [ 80.2262934, 12.986229 ], [ 80.226248, 12.9862346 ], [ 80.2255485, 12.9863209 ], [ 80.2255364, 12.9863236 ], [ 80.2254226, 12.9863491 ], [ 80.2254156, 12.9863507 ], [ 80.2253975, 12.9863547 ], [ 80.225368, 12.9863616 ], [ 80.2251114, 12.9864214 ], [ 80.2250021, 12.9864468 ], [ 80.2248583, 12.9864803 ], [ 80.2245841, 12.9865442 ] ] } },
{ "type": "Feature", "properties": { "osm_id": "206809953", "name": "Dhandeeshwaram Nagar 5th Main Road Avenue", "highway": "residential" }, "geometry": { "type": "LineString", "coordinates": [ [ 80.2242615, 12.9838423 ], [ 80.2237527, 12.9838236 ] ] } },
{ "type": "Feature", "properties": { "osm_id": "206809954", "name": "Dhandeeshwaram Nagar 5th Main Road Avenue", "highway": "residential" }, "geometry": { "type": "LineString", "coordinates": [ [ 80.2237527, 12.9838236 ], [ 80.2237488, 12.9838405 ], [ 80.2237485, 12.9838596 ], [ 80.2237598, 12.984196 ] ] } },
{ "type": "Feature", "properties": { "osm_id": "206809955", "name": "Seethapathy Nagar 3rd Cross Street", "highway": "residential" }, "geometry": { "type": "LineString", "coordinates": [ [ 80.2273698, 12.9807423 ], [ 80.228085, 12.9806625 ] ] } },
{ "type": "Feature", "properties": { "osm_id": "206809956", "name": null, "highway": "service" }, "geometry": { "type": "LineString", "coordinates": [ [ 80.2271126, 12.9861207 ], [ 80.2271065, 12.9860527 ], [ 80.2271004, 12.9859847 ], [ 80.2270721, 12.9856948 ], [ 80.2270569, 12.9854801 ], [ 80.2270397, 12.9848232 ] ] } },
{ "type": "Feature", "properties": { "osm_id": "206809957", "name": null, "highway": "residential" }, "geometry": { "type": "LineString", "coordinates": [ [ 80.2232491, 12.9850804 ], [ 80.2235464, 12.9850245 ], [ 80.2235659, 12.9850187 ], [ 80.2235762, 12.985013 ], [ 80.2235864, 12.9850025 ], [ 80.2235938, 12.9849885 ], [ 80.2235943, 12.9848658 ], [ 80.2236062, 12.9848381 ], [ 80.2236311, 12.984813 ], [ 80.223656, 12.9848043 ] ] } },
{ "type": "Feature", "properties": { "osm_id": "209549882", "name": "Major Mukund Varadharajan Salai", "highway": "primary" }, "geometry": { "type": "LineString", "coordinates": [ [ 80.2192164, 12.971874 ], [ 80.2193013, 12.9721056 ], [ 80.2193384, 12.9722123 ], [ 80.2193657, 12.9722934 ], [ 80.219444, 12.9725328 ], [ 80.2195567, 12.9728334 ], [ 80.2196208, 12.9730441 ], [ 80.2196895, 12.9732392 ], [ 80.2197715, 12.9734225 ], [ 80.2198489, 12.9736112 ], [ 80.2199475, 12.9738151 ], [ 80.2203135, 12.9746827 ], [ 80.2203873, 12.9748524 ], [ 80.2204485, 12.9749841 ], [ 80.2204894, 12.97508 ], [ 80.2205268, 12.9751575 ], [ 80.2205615, 12.9752275 ], [ 80.2206741, 12.9754256 ], [ 80.2207189, 12.9754853 ], [ 80.2207817, 12.9755689 ] ] } },
{ "type": "Feature", "properties": { "osm_id": "213364174", "name": null, "highway": "residential" }, "geometry": { "type": "LineString", "coordinates": [ [ 80.2125753, 12.9754002 ], [ 80.2118168, 12.9753342 ] ] } },
{ "type": "Feature", "properties": { "osm_id": "213364181", "name": null, "highway": "service" }, "geometry": { "type": "LineString", "coordinates": [ [ 80.2166402, 12.9766246 ], [ 80.2170217, 12.9766504 ] ] } },
{ "type": "Feature", "properties": { "osm_id": "213364197", "name": null, "highway": "residential" }, "geometry": { "type": "LineString", "coordinates": [ [ 80.2207152, 12.9805641 ], [ 80.2202535, 12.9805603 ] ] } },
{ "type": "Feature", "properties": { "osm_id": "213364201", "name": null, "highway": "service" }, "geometry": { "type": "LineString", "coordinates": [ [ 80.2203622, 12.9801332 ], [ 80.2209912, 12.9801668 ], [ 80.2210826, 12.9801776 ] ] } },
{ "type": "Feature", "properties": { "osm_id": "213364204", "name": null, "highway": "service" }, "geometry": { "type": "LineString", "coordinates": [ [ 80.221109, 12.9795872 ], [ 80.2209725, 12.9795826 ], [ 80.2202238, 12.979573 ], [ 80.2201775, 12.9795745 ], [ 80.2201483, 12.9795692 ], [ 80.2201395, 12.9795615 ], [ 80.2201358, 12.9795496 ], [ 80.2201377, 12.9792034 ] ] } },
{ "type": "Feature", "properties": { "osm_id": "213364206", "name": null, "highway": "residential" }, "geometry": { "type": "LineString", "coordinates": [ [ 80.2132621, 12.9726705 ], [ 80.2132767, 12.9733807 ], [ 80.2136341, 12.9733623 ] ] } },
{ "type": "Feature", "properties": { "osm_id": "213364209", "name": null, "highway": "residential" }, "geometry": { "type": "LineString", "coordinates": [ [ 80.218129, 12.9783595 ], [ 80.2181151, 12.9785934 ] ] } },
{ "type": "Feature", "properties": { "osm_id": "213364679", "name": null, "highway": "residential" }, "geometry": { "type": "LineString", "coordinates": [ [ 80.2212145, 12.9732757 ], [ 80.2212321, 12.9728601 ], [ 80.2212465, 12.9728337 ], [ 80.221277, 12.9728297 ], [ 80.2227462, 12.9727552 ], [ 80.2227771, 12.9727604 ], [ 80.2227863, 12.9727823 ], [ 80.2228069, 12.9732149 ], [ 80.2228208, 12.9734807 ], [ 80.2228345, 12.9737859 ], [ 80.222832, 12.9738041 ], [ 80.2228145, 12.9738113 ], [ 80.2224317, 12.9738483 ], [ 80.2224106, 12.9738337 ], [ 80.2224055, 12.9738116 ], [ 80.2223823, 12.9734991 ] ] } },
{ "type": "Feature", "properties": { "osm_id": "232405495", "name": null, "highway": "residential" }, "geometry": { "type": "LineString", "coordinates": [ [ 80.2226675, 12.9800806 ], [ 80.2226816, 12.9795383 ], [ 80.2226818, 12.9795173 ], [ 80.222685, 12.9794981 ] ] } },
{ "type": "Feature", "properties": { "osm_id": "232405498", "name": null, "highway": "service" }, "geometry": { "type": "LineString", "coordinates": [ [ 80.2211625, 12.978553 ], [ 80.2210843, 12.9785537 ], [ 80.2209301, 12.978555 ], [ 80.2208977, 12.9785664 ], [ 80.2198209, 12.9785536 ], [ 80.2197997, 12.9785391 ] ] } },
{ "type": "Feature", "properties": { "osm_id": "232405500", "name": null, "highway": "service" }, "geometry": { "type": "LineString", "coordinates": [ [ 80.2218727, 12.9746211 ], [ 80.2207545, 12.9748014 ] ] } },
{ "type": "Feature", "properties": { "osm_id": "232405626", "name": "Kaveri Street", "highway": "residential" }, "geometry": { "type": "LineString", "coordinates": [ [ 80.2169205, 12.9774482 ], [ 80.2176837, 12.9774958 ] ] } },
{ "type": "Feature", "properties": { "osm_id": "232405627", "name": null, "highway": "residential" }, "geometry": { "type": "LineString", "coordinates": [ [ 80.2195492, 12.9816668 ], [ 80.2195217, 12.9810338 ], [ 80.2195172, 12.9808638 ], [ 80.2195144, 12.9806071 ], [ 80.2195037, 12.9805721 ], [ 80.2190936, 12.9804894 ] ] } },
{ "type": "Feature", "properties": { "osm_id": "232405628", "name": "1st Street", "highway": "residential" }, "geometry": { "type": "LineString", "coordinates": [ [ 80.2153798, 12.9860023 ], [ 80.2152948, 12.986007 ], [ 80.2152613, 12.9860047 ], [ 80.2152407, 12.985992 ], [ 80.2152284, 12.9859652 ], [ 80.2152238, 12.9859355 ], [ 80.2152286, 12.98552 ] ] } },
{ "type": "Feature", "properties": { "osm_id": "232405721", "name": "தேரடி தெரு", "highway": "living_street" }, "geometry": { "type": "LineString", "coordinates": [ [ 80.2242978, 12.9855465 ], [ 80.2237734, 12.9857148 ] ] } },
{ "type": "Feature", "properties": { "osm_id": "261336487", "name": null, "highway": "residential" }, "geometry": { "type": "LineString", "coordinates": [ [ 80.2122186, 12.9715176 ], [ 80.2122459, 12.9715434 ], [ 80.2123049, 12.971599 ] ] } },
{ "type": "Feature", "properties": { "osm_id": "299498139", "name": null, "highway": "residential" }, "geometry": { "type": "LineString", "coordinates": [ [ 80.212257, 12.9815478 ], [ 80.2122174, 12.9819179 ], [ 80.2121849, 12.9823292 ], [ 80.212124, 12.9828497 ] ] } },
{ "type": "Feature", "properties": { "osm_id": "299498142", "name": null, "highway": "residential" }, "geometry": { "type": "LineString", "coordinates": [ [ 80.2136162, 12.9829219 ], [ 80.2136064, 12.9829425 ], [ 80.2136037, 12.9829648 ], [ 80.2135758, 12.9832734 ], [ 80.2135611, 12.9836701 ], [ 80.2135476, 12.9839492 ], [ 80.2135344, 12.9844038 ], [ 80.2135272, 12.9844382 ], [ 80.2135109, 12.9844636 ] ] } },
{ "type": "Feature", "properties": { "osm_id": "318725675", "name": "AGS Colony 4th Main Road", "highway": "residential" }, "geometry": { "type": "LineString", "coordinates": [ [ 80.2102878, 12.9779493 ], [ 80.2104306, 12.9779519 ], [ 80.2116564, 12.9781717 ], [ 80.2120279, 12.9782279 ], [ 80.2121558, 12.9782455 ], [ 80.2128289, 12.9783732 ], [ 80.213082, 12.9784197 ], [ 80.2136164, 12.9785513 ], [ 80.2138023, 12.9786004 ] ] } },
{ "type": "Feature", "properties": { "osm_id": "318725676", "name": null, "highway": "residential" }, "geometry": { "type": "LineString", "coordinates": [ [ 80.2168862, 12.9782504 ], [ 80.2169036, 12.9778537 ], [ 80.2168982, 12.9777794 ], [ 80.2169049, 12.977546 ], [ 80.2169205, 12.9774482 ], [ 80.2169641, 12.9772296 ], [ 80.2169886, 12.9770634 ], [ 80.2170141, 12.9768606 ], [ 80.2170217, 12.9766504 ], [ 80.2170377, 12.9765375 ], [ 80.2170706, 12.976225 ], [ 80.2170782, 12.9761651 ], [ 80.2171068, 12.9757663 ], [ 80.2171592, 12.9752845 ] ] } },
{ "type": "Feature", "properties": { "osm_id": "318725677", "name": null, "highway": "service" }, "geometry": { "type": "LineString", "coordinates": [ [ 80.2175906, 12.9782706 ], [ 80.2170575, 12.9782646 ] ] } },
{ "type": "Feature", "properties": { "osm_id": "318725678", "name": null, "highway": "residential" }, "geometry": { "type": "LineString", "coordinates": [ [ 80.2146553, 12.9814196 ], [ 80.2146377, 12.981394 ], [ 80.2146269, 12.9813417 ], [ 80.2145667, 12.9809486 ] ] } },
{ "type": "Feature", "properties": { "osm_id": "318725679", "name": null, "highway": "residential" }, "geometry": { "type": "LineString", "coordinates": [ [ 80.2176336, 12.9788105 ], [ 80.2176337, 12.9790446 ], [ 80.2176371, 12.9790577 ], [ 80.2176505, 12.9790708 ], [ 80.2176682, 12.9790756 ], [ 80.2177883, 12.9790865 ], [ 80.2178806, 12.9790797 ], [ 80.2180284, 12.9790871 ], [ 80.2181045, 12.9790874 ], [ 80.2182651, 12.9790945 ], [ 80.2182706, 12.9787504 ], [ 80.218113, 12.9787453 ] ] } },
{ "type": "Feature", "properties": { "osm_id": "318725681", "name": null, "highway": "residential" }, "geometry": { "type": "LineString", "coordinates": [ [ 80.2170281, 12.9792419 ], [ 80.2170521, 12.9785868 ], [ 80.2170575, 12.9782646 ], [ 80.2168862, 12.9782504 ] ] } },
{ "type": "Feature", "properties": { "osm_id": "318725682", "name": null, "highway": "residential" }, "geometry": { "type": "LineString", "coordinates": [ [ 80.2142331, 12.9783595 ], [ 80.2142471, 12.9783663 ], [ 80.2142612, 12.9783693 ], [ 80.2150757, 12.9784772 ], [ 80.2154725, 12.9785614 ] ] } },
{ "type": "Feature", "properties": { "osm_id": "318725683", "name": null, "highway": "residential" }, "geometry": { "type": "LineString", "coordinates": [ [ 80.2177081, 12.9794415 ], [ 80.2177115, 12.9793664 ], [ 80.2176893, 12.9793292 ], [ 80.2176538, 12.9793063 ], [ 80.217557, 12.9792803 ], [ 80.2170281, 12.9792419 ] ] } },
{ "type": "Feature", "properties": { "osm_id": "318725684", "name": null, "highway": "service" }, "geometry": { "type": "LineString", "coordinates": [ [ 80.2187597, 12.978716 ], [ 80.2187602, 12.9785652 ], [ 80.2187536, 12.9785453 ], [ 80.2187411, 12.9785312 ], [ 80.2186942, 12.9785056 ], [ 80.2186833, 12.9784911 ], [ 80.2186606, 12.9783635 ], [ 80.218648, 12.9783435 ], [ 80.2186257, 12.9783359 ], [ 80.2185164, 12.9783324 ], [ 80.2185031, 12.9783422 ], [ 80.2184869, 12.9783589 ], [ 80.2184788, 12.9784026 ], [ 80.2184772, 12.9784491 ], [ 80.2184594, 12.9786504 ], [ 80.2184677, 12.978682 ], [ 80.2184975, 12.9787058 ], [ 80.2185922, 12.9787113 ], [ 80.2187597, 12.978716 ], [ 80.2188666, 12.9787559 ] ] } },
{ "type": "Feature", "properties": { "osm_id": "318725685", "name": null, "highway": "residential" }, "geometry": { "type": "LineString", "coordinates": [ [ 80.2168888, 12.9799268 ], [ 80.2168983, 12.9799654 ], [ 80.2169355, 12.9799771 ], [ 80.2172583, 12.9799808 ], [ 80.2175542, 12.9799911 ], [ 80.2176887, 12.9799921 ], [ 80.2180855, 12.9800098 ], [ 80.2184067, 12.9800506 ] ] } },
{ "type": "Feature", "properties": { "osm_id": "323060044", "name": "SevaNagar 2nd Street", "highway": "residential" }, "geometry": { "type": "LineString", "coordinates": [ [ 80.2297223, 12.986069 ], [ 80.2290165, 12.9861315 ] ] } },
{ "type": "Feature", "properties": { "osm_id": "334830928", "name": "Andalam avenue", "highway": "residential" }, "geometry": { "type": "LineString", "coordinates": [ [ 80.2265731, 12.9866564 ], [ 80.2266255, 12.987041 ], [ 80.2266278, 12.9870603 ], [ 80.226629, 12.987067 ], [ 80.2266333, 12.9870722 ], [ 80.2266406, 12.987074 ], [ 80.2266504, 12.9870727 ], [ 80.2266741, 12.9870695 ], [ 80.2274307, 12.9869669 ], [ 80.2274367, 12.9869651 ], [ 80.2274405, 12.9869601 ], [ 80.2274442, 12.9869528 ], [ 80.2274445, 12.9869453 ], [ 80.2273695, 12.9865424 ] ] } },
{ "type": "Feature", "properties": { "osm_id": "334830929", "name": "SevaNagar 4th Street", "highway": "residential" }, "geometry": { "type": "LineString", "coordinates": [ [ 80.2282384, 12.986924 ], [ 80.2288141, 12.9869098 ], [ 80.2292841, 12.9869181 ], [ 80.229848, 12.9868492 ] ] } },
{ "type": "Feature", "properties": { "osm_id": "334830930", "name": "Andalam avenue", "highway": "residential" }, "geometry": { "type": "LineString", "coordinates": [ [ 80.2271697, 12.9861121 ], [ 80.2272503, 12.9865585 ] ] } },
{ "type": "Feature", "properties": { "osm_id": "334830991", "name": "RajaLaxmi Nagar 6th Cross Street", "highway": "residential" }, "geometry": { "type": "LineString", "coordinates": [ [ 80.21945, 12.9861174 ], [ 80.2194201, 12.985846 ], [ 80.2194255, 12.9856167 ] ] } },
{ "type": "Feature", "properties": { "osm_id": "335531988", "name": "JagannathaPuram 1st Cross Street", "highway": "residential" }, "geometry": { "type": "LineString", "coordinates": [ [ 80.22094, 12.9856707 ], [ 80.2209088, 12.9849623 ] ] } },
{ "type": "Feature", "properties": { "osm_id": "335532248", "name": "Sony Nagar 3rd Street", "highway": "residential" }, "geometry": { "type": "LineString", "coordinates": [ [ 80.2276903, 12.9869278 ], [ 80.2282384, 12.986924 ] ] } },
{ "type": "Feature", "properties": { "osm_id": "336060552", "name": "Nattar Street", "highway": "residential" }, "geometry": { "type": "LineString", "coordinates": [ [ 80.2221196, 12.9841279 ], [ 80.2219798, 12.9836808 ], [ 80.2218389, 12.983189 ] ] } },
{ "type": "Feature", "properties": { "osm_id": "342279642", "name": null, "highway": "service" }, "geometry": { "type": "LineString", "coordinates": [ [ 80.2283084, 12.9806188 ], [ 80.2285121, 12.9805658 ] ] } },
{ "type": "Feature", "properties": { "osm_id": "342280326", "name": "3rd Main Road", "highway": "residential" }, "geometry": { "type": "LineString", "coordinates": [ [ 80.2239403, 12.9867401 ], [ 80.2235811, 12.9860477 ] ] } },
{ "type": "Feature", "properties": { "osm_id": "383046057", "name": null, "highway": "service" }, "geometry": { "type": "LineString", "coordinates": [ [ 80.2211068, 12.9796274 ], [ 80.2212453, 12.9796317 ], [ 80.2218868, 12.9796571 ], [ 80.2218957, 12.9796643 ], [ 80.2219003, 12.9796734 ], [ 80.2218988, 12.9798852 ], [ 80.2219042, 12.9798974 ], [ 80.2219162, 12.9799021 ], [ 80.2223556, 12.979929 ], [ 80.2223615, 12.9798076 ] ] } },
{ "type": "Feature", "properties": { "osm_id": "384133191", "name": "Gandhi Road", "highway": "tertiary" }, "geometry": { "type": "LineString", "coordinates": [ [ 80.2245841, 12.9865442 ], [ 80.2242952, 12.9866264 ], [ 80.2241114, 12.9866787 ], [ 80.2239403, 12.9867401 ], [ 80.2236378, 12.9868654 ], [ 80.2230567, 12.9870692 ] ] } },
{ "type": "Feature", "properties": { "osm_id": "384219492", "name": "2nd Cross Road", "highway": "residential" }, "geometry": { "type": "LineString", "coordinates": [ [ 80.2159299, 12.9825931 ], [ 80.2159642, 12.9822399 ], [ 80.2159843, 12.9818408 ], [ 80.2160014, 12.9816751 ], [ 80.2160138, 12.9815198 ], [ 80.2160289, 12.981334 ] ] } },
{ "type": "Feature", "properties": { "osm_id": "386635737", "name": "Tansi Nagar 7 th street", "highway": "residential" }, "geometry": { "type": "LineString", "coordinates": [ [ 80.2228785, 12.9771439 ], [ 80.2227498, 12.9770668 ] ] } },
{ "type": "Feature", "properties": { "osm_id": "394115129", "name": "Andalam avenue", "highway": "residential" }, "geometry": { "type": "LineString", "coordinates": [ [ 80.2273695, 12.9865424 ], [ 80.2272503, 12.9865585 ], [ 80.2265731, 12.9866564 ] ] } },
{ "type": "Feature", "properties": { "osm_id": "396824229", "name": "VGP Selva Nagar 1st Main Road", "highway": "residential" }, "geometry": { "type": "LineString", "coordinates": [ [ 80.2225268, 12.9711222 ], [ 80.222518, 12.971127 ], [ 80.2225069, 12.9711293 ], [ 80.2205079, 12.9714412 ] ] } },
{ "type": "Feature", "properties": { "osm_id": "396824230", "name": "Dr.Seetharaman Nagar Main Road", "highway": "residential" }, "geometry": { "type": "LineString", "coordinates": [ [ 80.2211396, 12.9721065 ], [ 80.2210704, 12.9721183 ], [ 80.219574, 12.9723727 ] ] } },
{ "type": "Feature", "properties": { "osm_id": "396824233", "name": null, "highway": "residential" }, "geometry": { "type": "LineString", "coordinates": [ [ 80.2216937, 12.9720819 ], [ 80.2227035, 12.9719718 ], [ 80.2227154, 12.9719636 ], [ 80.2227201, 12.9719522 ], [ 80.2227131, 12.971839 ] ] } },
{ "type": "Feature", "properties": { "osm_id": "422436384", "name": "Latha Street", "highway": "residential" }, "geometry": { "type": "LineString", "coordinates": [ [ 80.2280324, 12.9821752 ], [ 80.229426, 12.9820333 ] ] } },
{ "type": "Feature", "properties": { "osm_id": "422436422", "name": "Prasad Lane", "highway": "residential" }, "geometry": { "type": "LineString", "coordinates": [ [ 80.2283812, 12.9817048 ], [ 80.2283255, 12.9810607 ] ] } },
{ "type": "Feature", "properties": { "osm_id": "422439813", "name": "Rani Street", "highway": "residential" }, "geometry": { "type": "LineString", "coordinates": [ [ 80.227998, 12.9817402 ], [ 80.2274616, 12.9817959 ] ] } },
{ "type": "Feature", "properties": { "osm_id": "422439814", "name": null, "highway": "service" }, "geometry": { "type": "LineString", "coordinates": [ [ 80.2217701, 12.9812292 ], [ 80.2212487, 12.9812514 ], [ 80.221117, 12.9813206 ] ] } },
{ "type": "Feature", "properties": { "osm_id": "422439815", "name": null, "highway": "service" }, "geometry": { "type": "LineString", "coordinates": [ [ 80.2224354, 12.9812088 ], [ 80.2221095, 12.9812188 ], [ 80.2217918, 12.9812285 ], [ 80.2217701, 12.9812292 ] ] } },
{ "type": "Feature", "properties": { "osm_id": "422439817", "name": "Seethapathy Nagar 2rd Cross Street", "highway": "residential" }, "geometry": { "type": "LineString", "coordinates": [ [ 80.2263311, 12.9812397 ], [ 80.2269654, 12.9811883 ], [ 80.2274094, 12.9811665 ] ] } },
{ "type": "Feature", "properties": { "osm_id": "422926758", "name": "Baby Nagar Cross Taramani Road", "highway": "primary_link" }, "geometry": { "type": "LineString", "coordinates": [ [ 80.2284118, 12.9802684 ], [ 80.2283547, 12.9803508 ] ] } },
{ "type": "Feature", "properties": { "osm_id": "422927231", "name": "Taramani Road", "highway": "primary" }, "geometry": { "type": "LineString", "coordinates": [ [ 80.2207817, 12.9755689 ], [ 80.2208087, 12.9755957 ], [ 80.2208556, 12.9756408 ], [ 80.2208967, 12.9756855 ], [ 80.2210595, 12.9758737 ], [ 80.2211155, 12.975928 ] ] } },
{ "type": "Feature", "properties": { "osm_id": "422927236", "name": "Taramani Link Road", "highway": "primary" }, "geometry": { "type": "LineString", "coordinates": [ [ 80.2251796, 12.978324 ], [ 80.2251603, 12.978313 ], [ 80.2250367, 12.978234 ], [ 80.2249628, 12.9781864 ], [ 80.2246931, 12.9780101 ], [ 80.223619, 12.9773685 ], [ 80.2231018, 12.9770693 ], [ 80.2227896, 12.976891 ], [ 80.2224858, 12.9767092 ], [ 80.2222483, 12.9765627 ], [ 80.2221184, 12.9764773 ], [ 80.2217575, 12.9762417 ], [ 80.2214036, 12.9759943 ] ] } },
{ "type": "Feature", "properties": { "osm_id": "422927582", "name": "Taramani Link Road", "highway": "primary" }, "geometry": { "type": "LineString", "coordinates": [ [ 80.233695, 12.9814181 ], [ 80.2334379, 12.9815365 ], [ 80.2332198, 12.9816371 ], [ 80.2331333, 12.9816852 ], [ 80.2330097, 12.9817516 ], [ 80.2328941, 12.9818174 ], [ 80.2325926, 12.9819018 ], [ 80.2324249, 12.9819369 ], [ 80.2322477, 12.9819741 ], [ 80.2319384, 12.9819949 ], [ 80.2316662, 12.9819936 ], [ 80.2314569, 12.9819648 ], [ 80.2313054, 12.9819295 ], [ 80.2309688, 12.9818093 ], [ 80.2307039, 12.9816725 ], [ 80.230689, 12.9816648 ], [ 80.2302983, 12.9814264 ], [ 80.2293857, 12.9808695 ], [ 80.2292641, 12.9807953 ], [ 80.2286896, 12.9804402 ], [ 80.2284118, 12.9802684 ] ] } },
{ "type": "Feature", "properties": { "osm_id": "424516686", "name": "Perungudi Station Road", "highway": "tertiary" }, "geometry": { "type": "LineString", "coordinates": [ [ 80.2268273, 12.9711198 ], [ 80.2276151, 12.9718771 ], [ 80.2280264, 12.9722972 ], [ 80.2283696, 12.9726421 ], [ 80.2289358, 12.9732183 ], [ 80.2289975, 12.9733069 ], [ 80.2292301, 12.9737532 ], [ 80.229372, 12.9739846 ], [ 80.2296515, 12.9742958 ], [ 80.2298563, 12.9745149 ], [ 80.2300073, 12.9746591 ], [ 80.2303987, 12.9750314 ], [ 80.230791, 12.9754236 ] ] } },
{ "type": "Feature", "properties": { "osm_id": "424516687", "name": null, "highway": "residential" }, "geometry": { "type": "LineString", "coordinates": [ [ 80.2283696, 12.9726421 ], [ 80.2282217, 12.9729592 ] ] } },
{ "type": "Feature", "properties": { "osm_id": "424525924", "name": "Thiruvallur Street", "highway": "residential" }, "geometry": { "type": "LineString", "coordinates": [ [ 80.227689, 12.9769046 ], [ 80.2263206, 12.9768112 ] ] } },
{ "type": "Feature", "properties": { "osm_id": "424525925", "name": "Venus Colony 2nd Street", "highway": "residential" }, "geometry": { "type": "LineString", "coordinates": [ [ 80.2269974, 12.974934 ], [ 80.2271631, 12.9749469 ], [ 80.2275384, 12.97498 ], [ 80.2275512, 12.974979 ], [ 80.2275618, 12.9749727 ], [ 80.2275666, 12.9749623 ], [ 80.2275733, 12.9749492 ], [ 80.2276059, 12.9745822 ], [ 80.2276306, 12.9743171 ], [ 80.2279207, 12.9726457 ] ] } },
{ "type": "Feature", "properties": { "osm_id": "424525926", "name": "1st Street", "highway": "residential" }, "geometry": { "type": "LineString", "coordinates": [ [ 80.2250547, 12.9752323 ], [ 80.2259433, 12.9752532 ] ] } },
{ "type": "Feature", "properties": { "osm_id": "424525927", "name": "1st Street", "highway": "residential" }, "geometry": { "type": "LineString", "coordinates": [ [ 80.2271485, 12.9753175 ], [ 80.2259433, 12.9752532 ] ] } },
{ "type": "Feature", "properties": { "osm_id": "424525929", "name": "Vanchinathan Street", "highway": "residential" }, "geometry": { "type": "LineString", "coordinates": [ [ 80.2288698, 12.9772264 ], [ 80.2276763, 12.9772017 ] ] } },
{ "type": "Feature", "properties": { "osm_id": "424525933", "name": null, "highway": "residential" }, "geometry": { "type": "LineString", "coordinates": [ [ 80.2272402, 12.9743328 ], [ 80.2276306, 12.9743171 ], [ 80.2279979, 12.9743239 ] ] } },
{ "type": "Feature", "properties": { "osm_id": "424525934", "name": "Tansi Nagar 12th Street", "highway": "residential" }, "geometry": { "type": "LineString", "coordinates": [ [ 80.2263206, 12.9768112 ], [ 80.2263102, 12.9769897 ], [ 80.226268, 12.9772219 ], [ 80.2262508, 12.9776026 ], [ 80.226239, 12.9779831 ], [ 80.226238, 12.9780161 ], [ 80.2262241, 12.9784054 ] ] } },
{ "type": "Feature", "properties": { "osm_id": "425906580", "name": null, "highway": "service" }, "geometry": { "type": "LineString", "coordinates": [ [ 80.2237428, 12.9760192 ], [ 80.2236488, 12.9760045 ], [ 80.2236162, 12.976014 ], [ 80.2235703, 12.9761845 ], [ 80.2235239, 12.9762031 ], [ 80.2233787, 12.9761907 ] ] } },
{ "type": "Feature", "properties": { "osm_id": "425908491", "name": "Anna Nagar 5th cross", "highway": "residential" }, "geometry": { "type": "LineString", "coordinates": [ [ 80.2268409, 12.9743071 ], [ 80.226806, 12.9749176 ] ] } },
{ "type": "Feature", "properties": { "osm_id": "425908492", "name": "Anna Nagar 6th cross", "highway": "residential" }, "geometry": { "type": "LineString", "coordinates": [ [ 80.2264706, 12.9742879 ], [ 80.2264216, 12.9748861 ] ] } },
{ "type": "Feature", "properties": { "osm_id": "425908493", "name": "Bala Murugan Nagar 1st Street", "highway": "residential" }, "geometry": { "type": "LineString", "coordinates": [ [ 80.2234069, 12.9747411 ], [ 80.2242575, 12.9747864 ], [ 80.2243125, 12.9747893 ], [ 80.2250848, 12.9748448 ] ] } },
{ "type": "Feature", "properties": { "osm_id": "425908494", "name": "VGP Selva Nagar Extn 1st Main Road", "highway": "residential" }, "geometry": { "type": "LineString", "coordinates": [ [ 80.2250748, 12.9741975 ], [ 80.2250934, 12.9737606 ], [ 80.2251227, 12.9733737 ], [ 80.2251309, 12.9729847 ], [ 80.2252326, 12.9727709 ], [ 80.2252901, 12.9726187 ], [ 80.225415, 12.9723671 ], [ 80.2254679, 12.9722015 ], [ 80.2254773, 12.9721644 ], [ 80.2255222, 12.9719875 ], [ 80.2255832, 12.9713494 ], [ 80.2255958, 12.971217 ], [ 80.225604, 12.9711316 ] ] } },
{ "type": "Feature", "properties": { "osm_id": "425908495", "name": null, "highway": "residential" }, "geometry": { "type": "LineString", "coordinates": [ [ 80.2238373, 12.9751811 ], [ 80.2237428, 12.9760192 ] ] } },
{ "type": "Feature", "properties": { "osm_id": "425908497", "name": "Perungudi Station Road", "highway": "tertiary" }, "geometry": { "type": "LineString", "coordinates": [ [ 80.2240072, 12.9686348 ], [ 80.2246573, 12.9690679 ], [ 80.2247991, 12.9691734 ], [ 80.2252248, 12.969534 ], [ 80.2268273, 12.9711198 ] ] } },
{ "type": "Feature", "properties": { "osm_id": "427336344", "name": "Dhandeeshwaram Colony", "highway": "residential" }, "geometry": { "type": "LineString", "coordinates": [ [ 80.221345, 12.9876696 ], [ 80.2214635, 12.9879384 ], [ 80.2215379, 12.9880922 ], [ 80.2215569, 12.9881195 ] ] } },
{ "type": "Feature", "properties": { "osm_id": "427336345", "name": "Dhandeeshwaram Colony", "highway": "residential" }, "geometry": { "type": "LineString", "coordinates": [ [ 80.2215569, 12.9881195 ], [ 80.2215658, 12.9881286 ], [ 80.2215792, 12.9881351 ], [ 80.221597, 12.988135 ], [ 80.2218435, 12.9879688 ], [ 80.222095, 12.9877753 ], [ 80.2221143, 12.9877581 ], [ 80.2221254, 12.9877365 ], [ 80.2221251, 12.9877046 ], [ 80.2221022, 12.987666 ], [ 80.2219662, 12.9874128 ] ] } },
{ "type": "Feature", "properties": { "osm_id": "427336346", "name": "Lakshmipuram 3rd street", "highway": "residential" }, "geometry": { "type": "LineString", "coordinates": [ [ 80.2215338, 12.9866742 ], [ 80.2214612, 12.9863546 ], [ 80.2214532, 12.9863344 ], [ 80.221444, 12.9863252 ], [ 80.2214324, 12.9863269 ], [ 80.2214128, 12.9863342 ], [ 80.2211947, 12.9864166 ], [ 80.2211595, 12.9864304 ], [ 80.2211273, 12.9864252 ], [ 80.2211085, 12.9863965 ], [ 80.2210951, 12.9863285 ], [ 80.2210897, 12.986271 ], [ 80.2210917, 12.9862527 ], [ 80.2211092, 12.9862298 ], [ 80.22113, 12.98622 ], [ 80.221307, 12.9861599 ] ] } },
{ "type": "Feature", "properties": { "osm_id": "427336347", "name": null, "highway": "service" }, "geometry": { "type": "LineString", "coordinates": [ [ 80.2215569, 12.9881195 ], [ 80.2215163, 12.988147 ], [ 80.2213049, 12.9882901 ], [ 80.2210199, 12.9884831 ], [ 80.2208752, 12.9885805 ] ] } },
{ "type": "Feature", "properties": { "osm_id": "427336348", "name": null, "highway": "residential" }, "geometry": { "type": "LineString", "coordinates": [ [ 80.2183271, 12.9872854 ], [ 80.2187296, 12.987178 ], [ 80.2188346, 12.987153 ], [ 80.2192026, 12.9870319 ], [ 80.2195701, 12.9868886 ], [ 80.2196329, 12.9868709 ], [ 80.219966, 12.9867024 ], [ 80.2201979, 12.9865925 ], [ 80.220413, 12.9864954 ] ] } },
{ "type": "Feature", "properties": { "osm_id": "427338791", "name": "Dhandeeshwaram Nagar 5th Main/Cross", "highway": "residential" }, "geometry": { "type": "LineString", "coordinates": [ [ 80.2243823, 12.9825529 ], [ 80.2243613, 12.9829317 ], [ 80.2243439, 12.9832445 ] ] } },
{ "type": "Feature", "properties": { "osm_id": "427338792", "name": "Dhandeeshwaram 6th cross street", "highway": "residential" }, "geometry": { "type": "LineString", "coordinates": [ [ 80.2247823, 12.9818634 ], [ 80.2247917, 12.9818752 ], [ 80.2247965, 12.9818892 ], [ 80.2247761, 12.9825666 ] ] } },
{ "type": "Feature", "properties": { "osm_id": "427338795", "name": "VGP avenue", "highway": "residential" }, "geometry": { "type": "LineString", "coordinates": [ [ 80.227646, 12.9837782 ], [ 80.2275993, 12.9831467 ], [ 80.2275865, 12.9830321 ], [ 80.227496, 12.9822821 ], [ 80.2274885, 12.9822199 ], [ 80.2274683, 12.9818734 ], [ 80.2274616, 12.9817959 ], [ 80.2274555, 12.9817221 ], [ 80.2274146, 12.9812006 ], [ 80.2274094, 12.9811665 ], [ 80.2273725, 12.9807764 ], [ 80.2273698, 12.9807423 ] ] } },
{ "type": "Feature", "properties": { "osm_id": "427338800", "name": "Pillaiyar Koil Street", "highway": "residential" }, "geometry": { "type": "LineString", "coordinates": [ [ 80.2186299, 12.9825879 ], [ 80.2186392, 12.9832611 ] ] } },
{ "type": "Feature", "properties": { "osm_id": "427338802", "name": "Dhandeeswaram Nagar 8th Cross Road", "highway": "residential" }, "geometry": { "type": "LineString", "coordinates": [ [ 80.2237221, 12.9807753 ], [ 80.2230827, 12.9807664 ], [ 80.2229627, 12.9807632 ], [ 80.2227352, 12.980757 ], [ 80.2225205, 12.9807585 ], [ 80.2224697, 12.9807601 ] ] } },
{ "type": "Feature", "properties": { "osm_id": "428483146", "name": "Subramaniyan Street", "highway": "residential" }, "geometry": { "type": "LineString", "coordinates": [ [ 80.229577, 12.9849662 ], [ 80.2288415, 12.985075 ] ] } },
{ "type": "Feature", "properties": { "osm_id": "428484059", "name": "Pasupathy Lane", "highway": "residential" }, "geometry": { "type": "LineString", "coordinates": [ [ 80.2235811, 12.9860477 ], [ 80.2229732, 12.9861768 ] ] } },
{ "type": "Feature", "properties": { "osm_id": "428484062", "name": "Putheri Karai Street", "highway": "residential" }, "geometry": { "type": "LineString", "coordinates": [ [ 80.2249456, 12.9854029 ], [ 80.2250262, 12.9854094 ], [ 80.2251133, 12.9854124 ], [ 80.226327, 12.9853519 ] ] } },
{ "type": "Feature", "properties": { "osm_id": "428485279", "name": "Parameshwar Street", "highway": "residential" }, "geometry": { "type": "LineString", "coordinates": [ [ 80.2295649, 12.9845597 ], [ 80.228801, 12.9846253 ] ] } },
{ "type": "Feature", "properties": { "osm_id": "428730486", "name": "Dhandeeshwaram Nagar 6th Main Road", "highway": "residential" }, "geometry": { "type": "LineString", "coordinates": [ [ 80.224722, 12.9847923 ], [ 80.2247357, 12.9840885 ], [ 80.2247435, 12.9836858 ], [ 80.2247555, 12.983249 ], [ 80.2247761, 12.9825666 ] ] } },
{ "type": "Feature", "properties": { "osm_id": "428730487", "name": "Dhandeeshwaram 2st cross street", "highway": "residential" }, "geometry": { "type": "LineString", "coordinates": [ [ 80.2231843, 12.9831262 ], [ 80.223181, 12.9826935 ], [ 80.2231798, 12.9825398 ] ] } },
{ "type": "Feature", "properties": { "osm_id": "428730489", "name": "Dhandeeshwaram Nagar 5th Main Road Avenue", "highway": "residential" }, "geometry": { "type": "LineString", "coordinates": [ [ 80.2237835, 12.9848023 ], [ 80.2237743, 12.9845101 ], [ 80.2237598, 12.984196 ] ] } },
{ "type": "Feature", "properties": { "osm_id": "428730490", "name": "Dhandeeshwaram Nagar 6th Main Road Avenue", "highway": "residential" }, "geometry": { "type": "LineString", "coordinates": [ [ 80.2251399, 12.9841343 ], [ 80.2251399, 12.9847682 ], [ 80.225139, 12.984776 ], [ 80.2251366, 12.9847842 ] ] } },
{ "type": "Feature", "properties": { "osm_id": "428730491", "name": "Dhandeeswaram Nagar 4th Avenue [west] 1 cross street", "highway": "residential" }, "geometry": { "type": "LineString", "coordinates": [ [ 80.2247026, 12.9799325 ], [ 80.2246817, 12.9804795 ] ] } },
{ "type": "Feature", "properties": { "osm_id": "428730492", "name": "Dhandeeswaram Nagar 4th Avenue [west] 2 cross street", "highway": "residential" }, "geometry": { "type": "LineString", "coordinates": [ [ 80.2243727, 12.9804605 ], [ 80.2243975, 12.9798165 ] ] } },
{ "type": "Feature", "properties": { "osm_id": "428730493", "name": "Dhandeeswaram Nagar 4th Avenue(East)", "highway": "residential" }, "geometry": { "type": "LineString", "coordinates": [ [ 80.2253806, 12.9804998 ], [ 80.2263477, 12.9805958 ] ] } },
{ "type": "Feature", "properties": { "osm_id": "428730494", "name": "Kambar", "highway": "residential" }, "geometry": { "type": "LineString", "coordinates": [ [ 80.2267022, 12.9827907 ], [ 80.2266827, 12.9824311 ] ] } },
{ "type": "Feature", "properties": { "osm_id": "428730495", "name": "Karunambigai Road", "highway": "residential" }, "geometry": { "type": "LineString", "coordinates": [ [ 80.2249374, 12.9851881 ], [ 80.226315, 12.985111 ] ] } },
{ "type": "Feature", "properties": { "osm_id": "428730496", "name": null, "highway": "residential" }, "geometry": { "type": "LineString", "coordinates": [ [ 80.2248103, 12.9849985 ], [ 80.224722, 12.9847923 ] ] } },
{ "type": "Feature", "properties": { "osm_id": "428730497", "name": null, "highway": "residential" }, "geometry": { "type": "LineString", "coordinates": [ [ 80.2249374, 12.9851881 ], [ 80.2248103, 12.9849985 ] ] } },
{ "type": "Feature", "properties": { "osm_id": "428734753", "name": "Baby Nagar 2nd Cross Road", "highway": "residential" }, "geometry": { "type": "LineString", "coordinates": [ [ 80.2278179, 12.9791993 ], [ 80.2278298, 12.9792026 ], [ 80.2278415, 12.979203 ], [ 80.2280957, 12.9792117 ], [ 80.2288231, 12.9792349 ] ] } },
{ "type": "Feature", "properties": { "osm_id": "428734754", "name": "Baby Nagar 2nd Main Road", "highway": "residential" }, "geometry": { "type": "LineString", "coordinates": [ [ 80.2288429, 12.978381 ], [ 80.2288175, 12.9788466 ], [ 80.2288231, 12.9792349 ] ] } },
{ "type": "Feature", "properties": { "osm_id": "428734755", "name": "Dhandeeswaram Nagar 10th Cross Road", "highway": "service" }, "geometry": { "type": "LineString", "coordinates": [ [ 80.2222664, 12.979483 ], [ 80.222685, 12.9794981 ] ] } },
{ "type": "Feature", "properties": { "osm_id": "428734756", "name": "Dhandeeswaram Nagar 4th Avenue [west]", "highway": "residential" }, "geometry": { "type": "LineString", "coordinates": [ [ 80.2243727, 12.9804605 ], [ 80.2242374, 12.9804531 ], [ 80.224006, 12.9804406 ], [ 80.2239915, 12.9804396 ], [ 80.2239837, 12.9804339 ], [ 80.2239758, 12.9804243 ], [ 80.2239764, 12.9804125 ], [ 80.2239862, 12.9801746 ], [ 80.2239837, 12.9801541 ], [ 80.2239644, 12.9801466 ], [ 80.2237599, 12.9801331 ] ] } },
{ "type": "Feature", "properties": { "osm_id": "428734759", "name": "LIC Colony 1st street", "highway": "residential" }, "geometry": { "type": "LineString", "coordinates": [ [ 80.2222232, 12.977541 ], [ 80.2222622, 12.9769545 ] ] } },
{ "type": "Feature", "properties": { "osm_id": "428734761", "name": "Tansi Nagar 1st Street", "highway": "residential" }, "geometry": { "type": "LineString", "coordinates": [ [ 80.2226964, 12.977566 ], [ 80.2226906, 12.9780648 ], [ 80.2226769, 12.9784353 ], [ 80.2226737, 12.9784508 ], [ 80.2226644, 12.9784646 ], [ 80.2226523, 12.9784704 ], [ 80.222636, 12.9784732 ], [ 80.2221733, 12.9784418 ], [ 80.2221499, 12.9784457 ], [ 80.2221343, 12.9784603 ], [ 80.2221244, 12.9784791 ], [ 80.2221243, 12.9784992 ], [ 80.2221383, 12.978722 ], [ 80.2221441, 12.9789186 ], [ 80.2220314, 12.9789132 ] ] } },
{ "type": "Feature", "properties": { "osm_id": "428734762", "name": "Tansi Nagar 3rd street", "highway": "residential" }, "geometry": { "type": "LineString", "coordinates": [ [ 80.2235307, 12.9774565 ], [ 80.2235256, 12.977583 ], [ 80.2235073, 12.9778851 ], [ 80.2235055, 12.9781336 ] ] } },
{ "type": "Feature", "properties": { "osm_id": "428734763", "name": "Tansi Nagar 5th Street", "highway": "residential" }, "geometry": { "type": "LineString", "coordinates": [ [ 80.2238867, 12.9781434 ], [ 80.2239033, 12.9778204 ] ] } },
{ "type": "Feature", "properties": { "osm_id": "428734764", "name": "Dhandeeswaram Nagar 12th Cross Road", "highway": "residential" }, "geometry": { "type": "LineString", "coordinates": [ [ 80.2235051, 12.9785458 ], [ 80.22425, 12.9785653 ], [ 80.2242712, 12.9785663 ], [ 80.2242944, 12.9785719 ], [ 80.2243097, 12.9785787 ], [ 80.2243258, 12.9785869 ], [ 80.2244943, 12.9786684 ], [ 80.2246281, 12.9787367 ], [ 80.2248509, 12.9788483 ], [ 80.2251372, 12.9789896 ] ] } },
{ "type": "Feature", "properties": { "osm_id": "428734765", "name": "Tansi Nagar 6th Street", "highway": "residential" }, "geometry": { "type": "LineString", "coordinates": [ [ 80.2250841, 12.9783943 ], [ 80.2250409, 12.9784922 ], [ 80.2248509, 12.9788483 ] ] } },
{ "type": "Feature", "properties": { "osm_id": "428734767", "name": null, "highway": "residential" }, "geometry": { "type": "LineString", "coordinates": [ [ 80.2285718, 12.9755993 ], [ 80.228619, 12.9751655 ] ] } },
{ "type": "Feature", "properties": { "osm_id": "428734768", "name": null, "highway": "service" }, "geometry": { "type": "LineString", "coordinates": [ [ 80.2229627, 12.9807632 ], [ 80.2229627, 12.9808885 ] ] } },
{ "type": "Feature", "properties": { "osm_id": "428851323", "name": "Shanti 1st Cross Street", "highway": "residential" }, "geometry": { "type": "LineString", "coordinates": [ [ 80.2284399, 12.9833674 ], [ 80.2281266, 12.9833826 ] ] } },
{ "type": "Feature", "properties": { "osm_id": "428851324", "name": "Shanti 1st Cross Street", "highway": "residential" }, "geometry": { "type": "LineString", "coordinates": [ [ 80.227964, 12.9829889 ], [ 80.2280009, 12.9832132 ], [ 80.2281266, 12.9833826 ], [ 80.2281473, 12.9837453 ], [ 80.228152, 12.983809 ], [ 80.2281654, 12.9838377 ], [ 80.2282083, 12.9838586 ], [ 80.2282485, 12.9838691 ], [ 80.2282888, 12.9838691 ], [ 80.2283075, 12.9838717 ], [ 80.2283183, 12.9838861 ], [ 80.2283183, 12.9839018 ], [ 80.228329, 12.9842833 ] ] } },
{ "type": "Feature", "properties": { "osm_id": "428851326", "name": "Shanti 2n Street", "highway": "residential" }, "geometry": { "type": "LineString", "coordinates": [ [ 80.2296753, 12.9830325 ], [ 80.2291084, 12.9830648 ], [ 80.229068, 12.9830685 ], [ 80.228697, 12.9831071 ] ] } },
{ "type": "Feature", "properties": { "osm_id": "428851536", "name": null, "highway": "service" }, "geometry": { "type": "LineString", "coordinates": [ [ 80.2285121, 12.9805658 ], [ 80.2285645, 12.9804834 ] ] } },
{ "type": "Feature", "properties": { "osm_id": "430153956", "name": "Sarathy Nagar 4th street", "highway": "residential" }, "geometry": { "type": "LineString", "coordinates": [ [ 80.2219211, 12.9751715 ], [ 80.2217595, 12.9751808 ], [ 80.2215979, 12.97519 ] ] } },
{ "type": "Feature", "properties": { "osm_id": "430153957", "name": "Sarathy Nagar 6th street", "highway": "residential" }, "geometry": { "type": "LineString", "coordinates": [ [ 80.2218849, 12.9747717 ], [ 80.2215878, 12.9747988 ] ] } },
{ "type": "Feature", "properties": { "osm_id": "430153958", "name": null, "highway": "service" }, "geometry": { "type": "LineString", "coordinates": [ [ 80.2218384, 12.9743253 ], [ 80.2218727, 12.9746211 ], [ 80.2218831, 12.974748 ], [ 80.2218849, 12.9747717 ] ] } },
{ "type": "Feature", "properties": { "osm_id": "430154384", "name": "Dr.Seetharaman Nagar 1st Street", "highway": "residential" }, "geometry": { "type": "LineString", "coordinates": [ [ 80.2223734, 12.9725698 ], [ 80.2212371, 12.9726226 ] ] } },
{ "type": "Feature", "properties": { "osm_id": "430159565", "name": "Kamachi Amman street", "highway": "residential" }, "geometry": { "type": "LineString", "coordinates": [ [ 80.2278877, 12.9760377 ], [ 80.2272418, 12.975859 ], [ 80.2271946, 12.9758421 ] ] } },
{ "type": "Feature", "properties": { "osm_id": "430159572", "name": "Street in Tansi Nagar (anna nagar) Velachery", "highway": "residential" }, "geometry": { "type": "LineString", "coordinates": [ [ 80.226806, 12.9749176 ], [ 80.2269974, 12.974934 ] ] } },
{ "type": "Feature", "properties": { "osm_id": "430159575", "name": "Vallalar Street Tansi Nagar 12 th street", "highway": "residential" }, "geometry": { "type": "LineString", "coordinates": [ [ 80.2263206, 12.9768112 ], [ 80.2263153, 12.9764658 ], [ 80.2262941, 12.9764208 ], [ 80.2262703, 12.9763746 ], [ 80.2262664, 12.9762296 ] ] } },
{ "type": "Feature", "properties": { "osm_id": "430159582", "name": null, "highway": "service" }, "geometry": { "type": "LineString", "coordinates": [ [ 80.2271294, 12.9760538 ], [ 80.2271717, 12.97607 ] ] } },
{ "type": "Feature", "properties": { "osm_id": "430159583", "name": "SivaSakthi Street", "highway": "residential" }, "geometry": { "type": "LineString", "coordinates": [ [ 80.2271717, 12.97607 ], [ 80.2278407, 12.9762448 ] ] } },
{ "type": "Feature", "properties": { "osm_id": "430159586", "name": null, "highway": "residential" }, "geometry": { "type": "LineString", "coordinates": [ [ 80.2271717, 12.97607 ], [ 80.2272418, 12.975859 ], [ 80.2273414, 12.9753683 ] ] } },
{ "type": "Feature", "properties": { "osm_id": "430799557", "name": "4th Main Road", "highway": "residential" }, "geometry": { "type": "LineString", "coordinates": [ [ 80.2194563, 12.9832378 ], [ 80.2194509, 12.983675 ], [ 80.2194509, 12.9836865 ], [ 80.219455, 12.9836981 ], [ 80.2194616, 12.9837034 ], [ 80.219473, 12.983707 ], [ 80.2199252, 12.9837032 ] ] } },
{ "type": "Feature", "properties": { "osm_id": "430799558", "name": "JagannathaPuram 2nd Main road", "highway": "residential" }, "geometry": { "type": "LineString", "coordinates": [ [ 80.221753, 12.9848498 ], [ 80.2209088, 12.9849623 ], [ 80.220674, 12.985002 ] ] } },
{ "type": "Feature", "properties": { "osm_id": "430799559", "name": "JagannathaPuram 3rd Main Road", "highway": "tertiary" }, "geometry": { "type": "LineString", "coordinates": [ [ 80.220623, 12.984393 ], [ 80.2210238, 12.9843099 ], [ 80.2212303, 12.9842751 ], [ 80.2214716, 12.9842523 ], [ 80.2217103, 12.9842496 ], [ 80.2218285, 12.9842286 ], [ 80.2221196, 12.9841279 ], [ 80.2221898, 12.9841259 ], [ 80.2226639, 12.9840511 ] ] } },
{ "type": "Feature", "properties": { "osm_id": "430799560", "name": "RajaLaxmi Nagar 10 Street", "highway": "residential" }, "geometry": { "type": "LineString", "coordinates": [ [ 80.2185684, 12.9850183 ], [ 80.2185564, 12.9853888 ], [ 80.2185585, 12.9857586 ] ] } },
{ "type": "Feature", "properties": { "osm_id": "430799561", "name": "RajaLaxmi Nagar 1st main Road", "highway": "residential" }, "geometry": { "type": "LineString", "coordinates": [ [ 80.2207357, 12.9857678 ], [ 80.2204377, 12.9858568 ], [ 80.2198959, 12.986027 ], [ 80.21945, 12.9861174 ], [ 80.2191447, 12.9861922 ], [ 80.2189748, 12.9862318 ], [ 80.218147, 12.9864574 ] ] } },
{ "type": "Feature", "properties": { "osm_id": "430799562", "name": "Rajalakshmi Nagar 7th Cross Street", "highway": "residential" }, "geometry": { "type": "LineString", "coordinates": [ [ 80.2194255, 12.9856167 ], [ 80.2185585, 12.9857586 ], [ 80.2180065, 12.9858545 ] ] } },
{ "type": "Feature", "properties": { "osm_id": "430799563", "name": "Dhandeeshwaram 1st Main Road", "highway": "residential" }, "geometry": { "type": "LineString", "coordinates": [ [ 80.2230327, 12.9818215 ], [ 80.223015, 12.9820556 ], [ 80.2230064, 12.9821689 ], [ 80.2229787, 12.9825341 ] ] } },
{ "type": "Feature", "properties": { "osm_id": "430799564", "name": null, "highway": "residential" }, "geometry": { "type": "LineString", "coordinates": [ [ 80.2186392, 12.9832611 ], [ 80.2186026, 12.9834074 ], [ 80.21856, 12.9836002 ], [ 80.2185291, 12.9838869 ] ] } },
{ "type": "Feature", "properties": { "osm_id": "435640476", "name": "Dhandeeshwaram 1 Main Road Extension", "highway": "residential" }, "geometry": { "type": "LineString", "coordinates": [ [ 80.2222307, 12.9820341 ], [ 80.223015, 12.9820556 ] ] } },
{ "type": "Feature", "properties": { "osm_id": "435640554", "name": null, "highway": "residential" }, "geometry": { "type": "LineString", "coordinates": [ [ 80.2199103, 12.9817464 ], [ 80.2199336, 12.9822548 ] ] } },
{ "type": "Feature", "properties": { "osm_id": "438737014", "name": null, "highway": "residential" }, "geometry": { "type": "LineString", "coordinates": [ [ 80.2192208, 12.9883431 ], [ 80.219062, 12.9882887 ], [ 80.2189118, 12.9882809 ], [ 80.2185055, 12.9883073 ] ] } },
{ "type": "Feature", "properties": { "osm_id": "447987614", "name": "Taramani Link Road", "highway": "primary" }, "geometry": { "type": "LineString", "coordinates": [ [ 80.2220667, 12.9765503 ], [ 80.2227628, 12.9769934 ] ] } },
{ "type": "Feature", "properties": { "osm_id": "447993868", "name": "Annai Theresa street", "highway": "residential" }, "geometry": { "type": "LineString", "coordinates": [ [ 80.2269142, 12.9787684 ], [ 80.2269148, 12.9784627 ], [ 80.2269121, 12.97845 ], [ 80.2269065, 12.9784406 ], [ 80.226894, 12.9784346 ], [ 80.2268826, 12.9784333 ], [ 80.2263361, 12.9784165 ] ] } },
{ "type": "Feature", "properties": { "osm_id": "447993869", "name": "Balakrishna Nagar 1st Main Road", "highway": "residential" }, "geometry": { "type": "LineString", "coordinates": [ [ 80.2290345, 12.9745193 ], [ 80.2290174, 12.9752067 ] ] } },
{ "type": "Feature", "properties": { "osm_id": "447993873", "name": "Tansi Nagar 11th Street", "highway": "residential" }, "geometry": { "type": "LineString", "coordinates": [ [ 80.2258047, 12.9769846 ], [ 80.2257645, 12.9775591 ], [ 80.225733, 12.977976 ] ] } },
{ "type": "Feature", "properties": { "osm_id": "447993874", "name": "Tansi Nagar 14th Street", "highway": "residential" }, "geometry": { "type": "LineString", "coordinates": [ [ 80.2242062, 12.9769593 ], [ 80.2242286, 12.9769618 ], [ 80.2246957, 12.9769751 ], [ 80.224884, 12.9769811 ], [ 80.225087, 12.9769877 ], [ 80.225402, 12.9769774 ], [ 80.2256989, 12.9769835 ], [ 80.2258047, 12.9769846 ], [ 80.2263102, 12.9769897 ] ] } },
{ "type": "Feature", "properties": { "osm_id": "447993875", "name": "Tansi Nagar 15 th street", "highway": "residential" }, "geometry": { "type": "LineString", "coordinates": [ [ 80.2262241, 12.9784054 ], [ 80.2257223, 12.9783687 ], [ 80.2256231, 12.9783615 ], [ 80.2255197, 12.9783439 ], [ 80.2253209, 12.9782589 ] ] } },
{ "type": "Feature", "properties": { "osm_id": "447993876", "name": "Tansi Nagar 16th Street", "highway": "residential" }, "geometry": { "type": "LineString", "coordinates": [ [ 80.2247585, 12.977909 ], [ 80.2249786, 12.9775699 ], [ 80.2249966, 12.9774734 ], [ 80.225087, 12.9769877 ] ] } },
{ "type": "Feature", "properties": { "osm_id": "447994143", "name": "Balamurugan Nagar 3rd Street", "highway": "residential" }, "geometry": { "type": "LineString", "coordinates": [ [ 80.2250748, 12.9741975 ], [ 80.2234836, 12.9739831 ] ] } },
{ "type": "Feature", "properties": { "osm_id": "447996278", "name": "Anna Nagar 5th Main Road", "highway": "residential" }, "geometry": { "type": "LineString", "coordinates": [ [ 80.2263107, 12.9725601 ], [ 80.2262577, 12.9729228 ] ] } },
{ "type": "Feature", "properties": { "osm_id": "447996279", "name": "Bethel Avenue Main Road", "highway": "residential" }, "geometry": { "type": "LineString", "coordinates": [ [ 80.2235157, 12.9729261 ], [ 80.2233176, 12.9729333 ], [ 80.2231003, 12.9729241 ], [ 80.2230279, 12.9729281 ], [ 80.2230064, 12.9729189 ], [ 80.2229944, 12.9728562 ], [ 80.2229899, 12.9726131 ] ] } },
{ "type": "Feature", "properties": { "osm_id": "447996280", "name": "Kathiravan Nagar", "highway": "residential" }, "geometry": { "type": "LineString", "coordinates": [ [ 80.222617, 12.9748255 ], [ 80.2225629, 12.974154 ], [ 80.2225612, 12.974136 ], [ 80.2225664, 12.9741232 ], [ 80.2225804, 12.9741115 ], [ 80.2225971, 12.9741083 ], [ 80.2230143, 12.9741116 ], [ 80.2232177, 12.974112 ] ] } },
{ "type": "Feature", "properties": { "osm_id": "448173572", "name": null, "highway": "residential" }, "geometry": { "type": "LineString", "coordinates": [ [ 80.2247585, 12.977909 ], [ 80.2250929, 12.9781049 ], [ 80.2253209, 12.9782589 ] ] } },
{ "type": "Feature", "properties": { "osm_id": "448173574", "name": "Tansi Nagar 15th Street", "highway": "residential" }, "geometry": { "type": "LineString", "coordinates": [ [ 80.2243294, 12.9777141 ], [ 80.224354, 12.977705 ], [ 80.2243961, 12.9776936 ], [ 80.2245527, 12.9777814 ], [ 80.2247585, 12.977909 ] ] } },
{ "type": "Feature", "properties": { "osm_id": "527036470", "name": null, "highway": "residential" }, "geometry": { "type": "LineString", "coordinates": [ [ 80.2263328, 12.9721202 ], [ 80.2264144, 12.9714269 ], [ 80.2264418, 12.9711937 ] ] } },
{ "type": "Feature", "properties": { "osm_id": "558689007", "name": null, "highway": "residential" }, "geometry": { "type": "LineString", "coordinates": [ [ 80.2171592, 12.9752845 ], [ 80.218275, 12.9753135 ], [ 80.2185044, 12.9753276 ] ] } },
{ "type": "Feature", "properties": { "osm_id": "558689008", "name": null, "highway": "residential" }, "geometry": { "type": "LineString", "coordinates": [ [ 80.218275, 12.9753135 ], [ 80.2182801, 12.9754687 ], [ 80.2182737, 12.9756347 ] ] } },
{ "type": "Feature", "properties": { "osm_id": "558689010", "name": null, "highway": "residential" }, "geometry": { "type": "LineString", "coordinates": [ [ 80.2187361, 12.9750777 ], [ 80.2186878, 12.9758716 ] ] } },
{ "type": "Feature", "properties": { "osm_id": "558689011", "name": "SaiPutra Road", "highway": "residential" }, "geometry": { "type": "LineString", "coordinates": [ [ 80.2190088, 12.9763109 ], [ 80.2196338, 12.9762939 ], [ 80.2197218, 12.9763108 ], [ 80.2198209, 12.9763456 ] ] } },
{ "type": "Feature", "properties": { "osm_id": "558689012", "name": null, "highway": "residential" }, "geometry": { "type": "LineString", "coordinates": [ [ 80.2190408, 12.977193 ], [ 80.2185856, 12.9771813 ] ] } },
{ "type": "Feature", "properties": { "osm_id": "558926041", "name": null, "highway": "service" }, "geometry": { "type": "LineString", "coordinates": [ [ 80.2233212, 12.9886196 ], [ 80.2234071, 12.9885161 ], [ 80.2236727, 12.9883593 ], [ 80.2237236, 12.9883671 ], [ 80.2237344, 12.9884011 ], [ 80.2237076, 12.988456 ], [ 80.2234608, 12.9885736 ], [ 80.223383, 12.9886206 ], [ 80.2233473, 12.9887293 ] ] } },
{ "type": "Feature", "properties": { "osm_id": "566581210", "name": "LIC Colony 2nd Street", "highway": "residential" }, "geometry": { "type": "LineString", "coordinates": [ [ 80.2227628, 12.9769934 ], [ 80.2227498, 12.9770668 ], [ 80.2226964, 12.977566 ] ] } },
{ "type": "Feature", "properties": { "osm_id": "566581213", "name": "Taramani Link Road", "highway": "primary" }, "geometry": { "type": "LineString", "coordinates": [ [ 80.2283547, 12.9803508 ], [ 80.2285645, 12.9804834 ], [ 80.228782, 12.9806111 ], [ 80.2293069, 12.9809194 ], [ 80.2293474, 12.9809398 ], [ 80.2294449, 12.9809964 ], [ 80.2300098, 12.9813404 ], [ 80.2300442, 12.9813614 ], [ 80.2301586, 12.9814311 ], [ 80.2302221, 12.9814698 ], [ 80.2306639, 12.9817389 ] ] } },
{ "type": "Feature", "properties": { "osm_id": "566924027", "name": null, "highway": "residential" }, "geometry": { "type": "LineString", "coordinates": [ [ 80.2165533, 12.9830393 ], [ 80.2171571, 12.9831247 ] ] } },
{ "type": "Feature", "properties": { "osm_id": "667069112", "name": null, "highway": "residential" }, "geometry": { "type": "LineString", "coordinates": [ [ 80.2116082, 12.9720929 ], [ 80.2115508, 12.9720213 ] ] } },
{ "type": "Feature", "properties": { "osm_id": "667069530", "name": null, "highway": "residential" }, "geometry": { "type": "LineString", "coordinates": [ [ 80.2136613, 12.9737726 ], [ 80.2137557, 12.9742839 ] ] } },
{ "type": "Feature", "properties": { "osm_id": "667069715", "name": null, "highway": "residential" }, "geometry": { "type": "LineString", "coordinates": [ [ 80.2177081, 12.9794415 ], [ 80.2176887, 12.9799921 ] ] } },
{ "type": "Feature", "properties": { "osm_id": "673268081", "name": null, "highway": "residential" }, "geometry": { "type": "LineString", "coordinates": [ [ 80.2138023, 12.9786004 ], [ 80.2138236, 12.9790645 ], [ 80.2138376, 12.9790952 ], [ 80.2138826, 12.9791201 ], [ 80.2143845, 12.9791439 ] ] } },
{ "type": "Feature", "properties": { "osm_id": "673269396", "name": null, "highway": "residential" }, "geometry": { "type": "LineString", "coordinates": [ [ 80.221614, 12.9737478 ], [ 80.2216342, 12.9741802 ] ] } },
{ "type": "Feature", "properties": { "osm_id": "673269397", "name": null, "highway": "residential" }, "geometry": { "type": "LineString", "coordinates": [ [ 80.2220982, 12.9737268 ], [ 80.2221103, 12.9741475 ] ] } },
{ "type": "Feature", "properties": { "osm_id": "673279882", "name": "12st Street", "highway": "residential" }, "geometry": { "type": "LineString", "coordinates": [ [ 80.2156005, 12.9858306 ], [ 80.2153798, 12.9860023 ] ] } },
{ "type": "Feature", "properties": { "osm_id": "673279883", "name": "12st Street", "highway": "residential" }, "geometry": { "type": "LineString", "coordinates": [ [ 80.2156005, 12.9858306 ], [ 80.2156448, 12.9858149 ], [ 80.2157132, 12.9857979 ], [ 80.2157696, 12.9857967 ] ] } },
{ "type": "Feature", "properties": { "osm_id": "673311616", "name": null, "highway": "residential" }, "geometry": { "type": "LineString", "coordinates": [ [ 80.2150505, 12.982969 ], [ 80.2150273, 12.9829902 ], [ 80.2150199, 12.9830131 ], [ 80.2150025, 12.9833195 ] ] } },
{ "type": "Feature", "properties": { "osm_id": "673508558", "name": null, "highway": "residential" }, "geometry": { "type": "LineString", "coordinates": [ [ 80.2230327, 12.9818215 ], [ 80.2230439, 12.981597 ], [ 80.2230558, 12.9813691 ], [ 80.2230601, 12.9813456 ], [ 80.2230739, 12.9813219 ], [ 80.2230974, 12.9813126 ], [ 80.2231255, 12.9813103 ], [ 80.2233541, 12.9813255 ], [ 80.2237031, 12.9813456 ] ] } },
{ "type": "Feature", "properties": { "osm_id": "673510217", "name": null, "highway": "residential" }, "geometry": { "type": "LineString", "coordinates": [ [ 80.213181, 12.980692 ], [ 80.2131882, 12.980487 ] ] } },
{ "type": "Feature", "properties": { "osm_id": "673511954", "name": null, "highway": "service" }, "geometry": { "type": "LineString", "coordinates": [ [ 80.221148, 12.9787549 ], [ 80.2212229, 12.978757 ], [ 80.221324, 12.9787598 ], [ 80.2213145, 12.9788877 ], [ 80.2213166, 12.9789017 ], [ 80.2213265, 12.9789079 ], [ 80.2217945, 12.9789409 ], [ 80.2218035, 12.9789325 ], [ 80.2218109, 12.9789216 ], [ 80.2218627, 12.978335 ], [ 80.2218548, 12.9783194 ], [ 80.2218419, 12.9783085 ], [ 80.2213402, 12.9782684 ], [ 80.2211808, 12.9782556 ] ] } },
{ "type": "Feature", "properties": { "osm_id": "673511955", "name": null, "highway": "residential" }, "geometry": { "type": "LineString", "coordinates": [ [ 80.2211832, 12.9782163 ], [ 80.2212762, 12.9782167 ], [ 80.2218702, 12.9782445 ], [ 80.2225515, 12.9782732 ] ] } },
{ "type": "Feature", "properties": { "osm_id": "673519585", "name": "Raghavendra Street", "highway": "residential" }, "geometry": { "type": "LineString", "coordinates": [ [ 80.212344, 12.9828626 ], [ 80.2123318, 12.983173 ], [ 80.2123108, 12.9836718 ], [ 80.2123015, 12.9837097 ], [ 80.2122827, 12.9837462 ], [ 80.2122063, 12.9838975 ] ] } },
{ "type": "Feature", "properties": { "osm_id": "687538636", "name": "Gangai Nagar 2nd Cross Street", "highway": "residential" }, "geometry": { "type": "LineString", "coordinates": [ [ 80.2145, 12.9847108 ], [ 80.2161684, 12.9847762 ], [ 80.2166614, 12.9848048 ], [ 80.2166869, 12.9848022 ], [ 80.2167016, 12.984792 ] ] } },
{ "type": "Feature", "properties": { "osm_id": "687551319", "name": null, "highway": "residential" }, "geometry": { "type": "LineString", "coordinates": [ [ 80.2180855, 12.9800098 ], [ 80.2180767, 12.9794639 ] ] } },
{ "type": "Feature", "properties": { "osm_id": "687559443", "name": "Dhandeeswaram Nagar 8th Cross Road", "highway": "service" }, "geometry": { "type": "LineString", "coordinates": [ [ 80.2224697, 12.9807601 ], [ 80.2224252, 12.9807615 ], [ 80.2221118, 12.980771 ], [ 80.2217992, 12.9807745 ] ] } },
{ "type": "Feature", "properties": { "osm_id": "687559444", "name": null, "highway": "service" }, "geometry": { "type": "LineString", "coordinates": [ [ 80.2221118, 12.980771 ], [ 80.2221237, 12.9811339 ] ] } },
{ "type": "Feature", "properties": { "osm_id": "687566848", "name": null, "highway": "residential" }, "geometry": { "type": "LineString", "coordinates": [ [ 80.2226639, 12.9840511 ], [ 80.2227478, 12.9840357 ], [ 80.2228129, 12.9840242 ], [ 80.2237046, 12.9838668 ], [ 80.2237155, 12.9838649 ], [ 80.2237485, 12.9838596 ] ] } },
{ "type": "Feature", "properties": { "osm_id": "687590582", "name": null, "highway": "residential" }, "geometry": { "type": "LineString", "coordinates": [ [ 80.2195037, 12.9805721 ], [ 80.219534, 12.9800427 ], [ 80.2195434, 12.9798414 ] ] } },
{ "type": "Feature", "properties": { "osm_id": "687599225", "name": null, "highway": "residential" }, "geometry": { "type": "LineString", "coordinates": [ [ 80.2256132, 12.983754 ], [ 80.225603, 12.9841625 ] ] } },
{ "type": "Feature", "properties": { "osm_id": "688061990", "name": null, "highway": "residential" }, "geometry": { "type": "LineString", "coordinates": [ [ 80.2136724, 12.9783371 ], [ 80.2137647, 12.9778714 ] ] } },
{ "type": "Feature", "properties": { "osm_id": "688061991", "name": null, "highway": "residential" }, "geometry": { "type": "LineString", "coordinates": [ [ 80.2140322, 12.9784102 ], [ 80.2136724, 12.9783371 ], [ 80.2133301, 12.9782602 ] ] } },
{ "type": "Feature", "properties": { "osm_id": "688061992", "name": null, "highway": "residential" }, "geometry": { "type": "LineString", "coordinates": [ [ 80.2133773, 12.9780378 ], [ 80.2131048, 12.9779962 ] ] } },
{ "type": "Feature", "properties": { "osm_id": "688061993", "name": null, "highway": "residential" }, "geometry": { "type": "LineString", "coordinates": [ [ 80.2134269, 12.9778036 ], [ 80.2133773, 12.9780378 ], [ 80.2133301, 12.9782602 ] ] } },
{ "type": "Feature", "properties": { "osm_id": "688061994", "name": null, "highway": "residential" }, "geometry": { "type": "LineString", "coordinates": [ [ 80.2139822, 12.978641 ], [ 80.2140143, 12.978493 ], [ 80.2140322, 12.9784102 ], [ 80.2140798, 12.9781125 ], [ 80.2141079, 12.9779746 ], [ 80.2141106, 12.977957 ], [ 80.2141099, 12.9779459 ], [ 80.2140999, 12.977939 ], [ 80.2140865, 12.9779344 ], [ 80.2137647, 12.9778714 ], [ 80.2134269, 12.9778036 ], [ 80.2131731, 12.977744 ], [ 80.2131336, 12.9777532 ], [ 80.2131141, 12.9777963 ], [ 80.2131048, 12.9779962 ], [ 80.2130887, 12.9782185 ], [ 80.2130848, 12.9782778 ], [ 80.213082, 12.9784197 ] ] } },
{ "type": "Feature", "properties": { "osm_id": "688098104", "name": null, "highway": "residential" }, "geometry": { "type": "LineString", "coordinates": [ [ 80.2144205, 12.9746996 ], [ 80.2144804, 12.9751848 ], [ 80.2145152, 12.9754137 ] ] } },
{ "type": "Feature", "properties": { "osm_id": "688129035", "name": null, "highway": "residential" }, "geometry": { "type": "LineString", "coordinates": [ [ 80.2150515, 12.9726837 ], [ 80.2150113, 12.9723609 ] ] } },
{ "type": "Feature", "properties": { "osm_id": "692218449", "name": null, "highway": "residential" }, "geometry": { "type": "LineString", "coordinates": [ [ 80.2130956, 12.9816467 ], [ 80.2131141, 12.9818737 ] ] } },
{ "type": "Feature", "properties": { "osm_id": "692260577", "name": null, "highway": "residential" }, "geometry": { "type": "LineString", "coordinates": [ [ 80.2178806, 12.9790797 ], [ 80.2178795, 12.9788251 ], [ 80.2178671, 12.9785892 ], [ 80.2178739, 12.9783491 ], [ 80.2178811, 12.9781187 ], [ 80.2180367, 12.9781278 ], [ 80.2180517, 12.9781318 ], [ 80.2180597, 12.9781367 ], [ 80.2180647, 12.9781474 ], [ 80.2180637, 12.9781639 ], [ 80.2180488, 12.9783562 ] ] } },
{ "type": "Feature", "properties": { "osm_id": "692260578", "name": null, "highway": "residential" }, "geometry": { "type": "LineString", "coordinates": [ [ 80.2186351, 12.9794109 ], [ 80.2185681, 12.9794068 ], [ 80.21803, 12.9793741 ], [ 80.2178697, 12.9793644 ], [ 80.2178397, 12.9793573 ], [ 80.2178141, 12.9793382 ], [ 80.217802, 12.9793095 ], [ 80.217798, 12.9792649 ], [ 80.2177883, 12.9790865 ] ] } },
{ "type": "Feature", "properties": { "osm_id": "692276922", "name": null, "highway": "residential" }, "geometry": { "type": "LineString", "coordinates": [ [ 80.2148831, 12.9795185 ], [ 80.2148843, 12.9798909 ] ] } },
{ "type": "Feature", "properties": { "osm_id": "692660674", "name": null, "highway": "residential" }, "geometry": { "type": "LineString", "coordinates": [ [ 80.2182223, 12.9766035 ], [ 80.2182454, 12.9762582 ] ] } },
{ "type": "Feature", "properties": { "osm_id": "697142727", "name": "dhandeeswaram Nagar 5th Avenue East", "highway": "residential" }, "geometry": { "type": "LineString", "coordinates": [ [ 80.2263689, 12.9801177 ], [ 80.2256267, 12.9801139 ], [ 80.225412, 12.9801076 ] ] } },
{ "type": "Feature", "properties": { "osm_id": "697142728", "name": null, "highway": "residential" }, "geometry": { "type": "LineString", "coordinates": [ [ 80.2253603, 12.980895 ], [ 80.2247979, 12.9808608 ] ] } },
{ "type": "Feature", "properties": { "osm_id": "697710208", "name": "Dhandeeshwaram Nagar 1st Avenue (East)", "highway": "residential" }, "geometry": { "type": "LineString", "coordinates": [ [ 80.2253171, 12.9817648 ], [ 80.2259315, 12.9817788 ] ] } },
{ "type": "Feature", "properties": { "osm_id": "701224230", "name": null, "highway": "residential" }, "geometry": { "type": "LineString", "coordinates": [ [ 80.225386, 12.9864229 ], [ 80.2254789, 12.9866935 ], [ 80.2255066, 12.9867597 ], [ 80.2255087, 12.9867656 ], [ 80.2255127, 12.9867694 ], [ 80.2255178, 12.9867724 ], [ 80.2255234, 12.9867728 ], [ 80.2256951, 12.9867388 ], [ 80.2257045, 12.9867392 ], [ 80.2257138, 12.9867441 ], [ 80.2257185, 12.9867516 ], [ 80.2257206, 12.9867617 ], [ 80.2257608, 12.9869542 ], [ 80.2257997, 12.9871192 ], [ 80.2258252, 12.9872158 ], [ 80.2258262, 12.9872302 ], [ 80.2258248, 12.9872446 ] ] } },
{ "type": "Feature", "properties": { "osm_id": "701225073", "name": null, "highway": "residential" }, "geometry": { "type": "LineString", "coordinates": [ [ 80.2286885, 12.9833175 ], [ 80.2286797, 12.9831331 ], [ 80.2286817, 12.9831249 ], [ 80.228686, 12.9831167 ], [ 80.2286909, 12.9831117 ], [ 80.228697, 12.9831071 ] ] } },
{ "type": "Feature", "properties": { "osm_id": "701476661", "name": null, "highway": "residential" }, "geometry": { "type": "LineString", "coordinates": [ [ 80.2226906, 12.9780648 ], [ 80.2226134, 12.9780693 ], [ 80.2226025, 12.9782752 ], [ 80.2225515, 12.9782732 ] ] } },
{ "type": "Feature", "properties": { "osm_id": "701517236", "name": null, "highway": "residential" }, "geometry": { "type": "LineString", "coordinates": [ [ 80.224769, 12.9782125 ], [ 80.2247125, 12.9782926 ] ] } },
{ "type": "Feature", "properties": { "osm_id": "702342146", "name": null, "highway": "residential" }, "geometry": { "type": "LineString", "coordinates": [ [ 80.2234527, 12.9754818 ], [ 80.2229555, 12.9753962 ], [ 80.2229457, 12.9753953 ], [ 80.2229367, 12.9753975 ], [ 80.222932, 12.9754042 ], [ 80.222929, 12.9754125 ], [ 80.222914, 12.9756033 ], [ 80.2229113, 12.9756154 ], [ 80.2229061, 12.9756271 ] ] } },
{ "type": "Feature", "properties": { "osm_id": "702614786", "name": null, "highway": "residential" }, "geometry": { "type": "LineString", "coordinates": [ [ 80.2263147, 12.9755916 ], [ 80.226281, 12.9759146 ], [ 80.2262664, 12.9762296 ] ] } },
{ "type": "Feature", "properties": { "osm_id": "704741480", "name": null, "highway": "residential" }, "geometry": { "type": "LineString", "coordinates": [ [ 80.2254813, 12.9870246 ], [ 80.2257608, 12.9869542 ] ] } },
{ "type": "Feature", "properties": { "osm_id": "719967912", "name": null, "highway": "service" }, "geometry": { "type": "LineString", "coordinates": [ [ 80.2172636, 12.9836323 ], [ 80.217238, 12.9839182 ] ] } },
{ "type": "Feature", "properties": { "osm_id": "719967913", "name": null, "highway": "service" }, "geometry": { "type": "LineString", "coordinates": [ [ 80.2175314, 12.9839232 ], [ 80.2175438, 12.9837384 ], [ 80.2175437, 12.9837023 ], [ 80.2175198, 12.983667 ], [ 80.2174661, 12.9836495 ], [ 80.2173454, 12.9836365 ], [ 80.2172636, 12.9836323 ], [ 80.2172709, 12.983365 ], [ 80.2172655, 12.9833484 ], [ 80.2172545, 12.9833374 ], [ 80.2170888, 12.9833209 ], [ 80.2170516, 12.983329 ], [ 80.2170301, 12.983344 ], [ 80.2170224, 12.9833739 ], [ 80.2169933, 12.9837678 ] ] } },
{ "type": "Feature", "properties": { "osm_id": "719967914", "name": null, "highway": "service" }, "geometry": { "type": "LineString", "coordinates": [ [ 80.217238, 12.9839182 ], [ 80.2172255, 12.9841689 ], [ 80.2172145, 12.9841849 ], [ 80.2171871, 12.9842062 ], [ 80.217137, 12.9842129 ], [ 80.2166831, 12.9841983 ], [ 80.21666, 12.9841824 ], [ 80.2166459, 12.984155 ], [ 80.216646, 12.984109 ], [ 80.2166469, 12.9840524 ], [ 80.2166533, 12.9838978 ] ] } },
{ "type": "Feature", "properties": { "osm_id": "719967915", "name": null, "highway": "service" }, "geometry": { "type": "LineString", "coordinates": [ [ 80.2178388, 12.983921 ], [ 80.2176733, 12.9839223 ], [ 80.2175314, 12.9839232 ], [ 80.217238, 12.9839182 ], [ 80.2166533, 12.9838978 ] ] } },
{ "type": "Feature", "properties": { "osm_id": "721922451", "name": "Marudupandi Street", "highway": "tertiary" }, "geometry": { "type": "LineString", "coordinates": [ [ 80.2146595, 12.9892626 ], [ 80.2147747, 12.9892144 ], [ 80.2148605, 12.9891589 ], [ 80.2151361, 12.9889278 ], [ 80.2153683, 12.9887915 ], [ 80.21567, 12.9885887 ], [ 80.2160433, 12.988311 ], [ 80.216154, 12.9882334 ], [ 80.2162955, 12.9881492 ], [ 80.2163838, 12.9880992 ], [ 80.2164862, 12.9880593 ], [ 80.2170587, 12.9878553 ], [ 80.2175826, 12.9876615 ], [ 80.2177473, 12.9876039 ], [ 80.2181255, 12.9874906 ], [ 80.2182229, 12.9874624 ], [ 80.2183524, 12.9874273 ] ] } },
{ "type": "Feature", "properties": { "osm_id": "721922453", "name": "Velachery Bypass Road", "highway": "primary" }, "geometry": { "type": "LineString", "coordinates": [ [ 80.2183524, 12.9874273 ], [ 80.2183271, 12.9872854 ] ] } },
{ "type": "Feature", "properties": { "osm_id": "721922454", "name": "Velachery Bypass Road", "highway": "primary" }, "geometry": { "type": "LineString", "coordinates": [ [ 80.2183271, 12.9872854 ], [ 80.218147, 12.9864574 ], [ 80.2180065, 12.9858545 ], [ 80.2179596, 12.9855999 ], [ 80.2179249, 12.984981 ], [ 80.217938, 12.9842224 ], [ 80.2179426, 12.9833477 ], [ 80.217945, 12.9825835 ], [ 80.2179432, 12.9824141 ], [ 80.217943, 12.9823974 ], [ 80.2179644, 12.9821535 ], [ 80.2180099, 12.9816967 ], [ 80.2180551, 12.9814744 ], [ 80.2181956, 12.981067 ], [ 80.2184978, 12.9801798 ], [ 80.218553, 12.9800474 ], [ 80.2186458, 12.9798253 ], [ 80.2188571, 12.9792233 ], [ 80.2188657, 12.9792023 ], [ 80.2188732, 12.9791846 ], [ 80.2189747, 12.9789466 ], [ 80.2191223, 12.9786006 ], [ 80.2191661, 12.9784912 ] ] } },
{ "type": "Feature", "properties": { "osm_id": "723549914", "name": null, "highway": "residential" }, "geometry": { "type": "LineString", "coordinates": [ [ 80.2118891, 12.9767261 ], [ 80.2113587, 12.9766867 ] ] } },
{ "type": "Feature", "properties": { "osm_id": "723549915", "name": null, "highway": "residential" }, "geometry": { "type": "LineString", "coordinates": [ [ 80.2119307, 12.9763521 ], [ 80.2113962, 12.976313 ] ] } },
{ "type": "Feature", "properties": { "osm_id": "724848203", "name": null, "highway": "service" }, "geometry": { "type": "LineString", "coordinates": [ [ 80.2113853, 12.9868986 ], [ 80.2114065, 12.9872899 ], [ 80.2114078, 12.9873145 ] ] } },
{ "type": "Feature", "properties": { "osm_id": "752084428", "name": null, "highway": "residential" }, "geometry": { "type": "LineString", "coordinates": [ [ 80.2112983, 12.9825244 ], [ 80.211592, 12.9825283 ] ] } },
{ "type": "Feature", "properties": { "osm_id": "752084429", "name": null, "highway": "residential" }, "geometry": { "type": "LineString", "coordinates": [ [ 80.2112998, 12.9828025 ], [ 80.2112983, 12.9825244 ], [ 80.2110864, 12.9825165 ] ] } },
{ "type": "Feature", "properties": { "osm_id": "754427721", "name": null, "highway": "service" }, "geometry": { "type": "LineString", "coordinates": [ [ 80.2192141, 12.9784301 ], [ 80.219302, 12.9784456 ], [ 80.2196586, 12.9785084 ], [ 80.2196187, 12.9787422 ], [ 80.2192382, 12.9786276 ], [ 80.2191223, 12.9786006 ] ] } },
{ "type": "Feature", "properties": { "osm_id": "809899262", "name": null, "highway": "residential" }, "geometry": { "type": "LineString", "coordinates": [ [ 80.2258248, 12.9872446 ], [ 80.2258174, 12.9872547 ], [ 80.2258064, 12.9872602 ], [ 80.2255784, 12.987306 ], [ 80.2255702, 12.9873075 ], [ 80.2255623, 12.9873053 ], [ 80.2255569, 12.9872999 ], [ 80.2255543, 12.9872929 ], [ 80.2254813, 12.9870246 ], [ 80.2254073, 12.9867417 ], [ 80.2254052, 12.9867301 ], [ 80.2254054, 12.9867193 ], [ 80.2254138, 12.986714 ], [ 80.2254789, 12.9866935 ] ] } },
{ "type": "Feature", "properties": { "osm_id": "836402895", "name": null, "highway": "residential" }, "geometry": { "type": "LineString", "coordinates": [ [ 80.2124679, 12.9774055 ], [ 80.2125362, 12.9767664 ] ] } },
{ "type": "Feature", "properties": { "osm_id": "836402903", "name": null, "highway": "residential" }, "geometry": { "type": "LineString", "coordinates": [ [ 80.2137757, 12.9747442 ], [ 80.2137866, 12.9751698 ] ] } },
{ "type": "Feature", "properties": { "osm_id": "836402905", "name": "Bhavani Street", "highway": "residential" }, "geometry": { "type": "LineString", "coordinates": [ [ 80.2162154, 12.9782038 ], [ 80.2168862, 12.9782504 ] ] } },
{ "type": "Feature", "properties": { "osm_id": "836402906", "name": null, "highway": "residential" }, "geometry": { "type": "LineString", "coordinates": [ [ 80.2161063, 12.9782315 ], [ 80.2160848, 12.9783529 ], [ 80.2160284, 12.9786456 ], [ 80.2159685, 12.9789872 ] ] } },
{ "type": "Feature", "properties": { "osm_id": "836402911", "name": null, "highway": "residential" }, "geometry": { "type": "LineString", "coordinates": [ [ 80.2182281, 12.9737525 ], [ 80.2182332, 12.9737714 ], [ 80.2182449, 12.9737865 ], [ 80.2182756, 12.9737998 ] ] } },
{ "type": "Feature", "properties": { "osm_id": "836412656", "name": null, "highway": "residential" }, "geometry": { "type": "LineString", "coordinates": [ [ 80.2110762, 12.9746198 ], [ 80.2116259, 12.9746734 ] ] } },
{ "type": "Feature", "properties": { "osm_id": "836412658", "name": null, "highway": "residential" }, "geometry": { "type": "LineString", "coordinates": [ [ 80.2136164, 12.9785513 ], [ 80.2136141, 12.9785937 ], [ 80.2136106, 12.978631 ], [ 80.2136122, 12.9789454 ], [ 80.213608, 12.9789649 ], [ 80.2135924, 12.9789751 ], [ 80.2135769, 12.9789764 ], [ 80.213547, 12.9789753 ], [ 80.213526, 12.9789744 ], [ 80.2130699, 12.9789541 ], [ 80.2130761, 12.9788213 ], [ 80.2130879, 12.9785936 ], [ 80.2130818, 12.9784816 ], [ 80.213082, 12.9784197 ] ] } },
{ "type": "Feature", "properties": { "osm_id": "836412660", "name": null, "highway": "residential" }, "geometry": { "type": "LineString", "coordinates": [ [ 80.2108818, 12.9817021 ], [ 80.2109996, 12.9817102 ], [ 80.211533, 12.9817298 ] ] } },
{ "type": "Feature", "properties": { "osm_id": "836412662", "name": null, "highway": "residential" }, "geometry": { "type": "LineString", "coordinates": [ [ 80.2125653, 12.9823812 ], [ 80.2125901, 12.9820787 ] ] } },
{ "type": "Feature", "properties": { "osm_id": "836412667", "name": null, "highway": "residential" }, "geometry": { "type": "LineString", "coordinates": [ [ 80.2162001, 12.9857953 ], [ 80.2162661, 12.9864169 ] ] } },
{ "type": "Feature", "properties": { "osm_id": "836412673", "name": null, "highway": "residential" }, "geometry": { "type": "LineString", "coordinates": [ [ 80.2166119, 12.9833932 ], [ 80.2169085, 12.9834037 ] ] } },
{ "type": "Feature", "properties": { "osm_id": "836412674", "name": null, "highway": "service" }, "geometry": { "type": "LineString", "coordinates": [ [ 80.2176262, 12.9829441 ], [ 80.2176273, 12.9826663 ], [ 80.2176254, 12.9826488 ], [ 80.217611, 12.9826429 ], [ 80.2173614, 12.9826418 ], [ 80.2173357, 12.9826476 ], [ 80.2173257, 12.982658 ], [ 80.2173218, 12.9828938 ], [ 80.2173279, 12.9829213 ], [ 80.2173478, 12.9829384 ], [ 80.2173778, 12.9829444 ], [ 80.2176262, 12.9829441 ], [ 80.2176714, 12.982944 ], [ 80.2178532, 12.9829414 ] ] } },
{ "type": "Feature", "properties": { "osm_id": "836412680", "name": null, "highway": "residential" }, "geometry": { "type": "LineString", "coordinates": [ [ 80.2129117, 12.9727224 ], [ 80.2129346, 12.9733314 ], [ 80.2129446, 12.9733664 ], [ 80.2129645, 12.9733878 ], [ 80.2129903, 12.9733929 ], [ 80.2132767, 12.9733807 ] ] } },
{ "type": "Feature", "properties": { "osm_id": "863257146", "name": "Varatharajapuram 2nd Lane", "highway": "residential" }, "geometry": { "type": "LineString", "coordinates": [ [ 80.2239906, 12.97678 ], [ 80.2240142, 12.9764595 ] ] } },
{ "type": "Feature", "properties": { "osm_id": "863257149", "name": "Varatharajapuram 1st Lane", "highway": "residential" }, "geometry": { "type": "LineString", "coordinates": [ [ 80.2236092, 12.976767 ], [ 80.2236258, 12.9764117 ] ] } },
{ "type": "Feature", "properties": { "osm_id": "863280020", "name": "VGP Selva Nagar Ext 5th Street", "highway": "residential" }, "geometry": { "type": "LineString", "coordinates": [ [ 80.2250348, 12.9720962 ], [ 80.2250879, 12.971617 ], [ 80.2251352, 12.9710843 ] ] } },
{ "type": "Feature", "properties": { "osm_id": "863280021", "name": null, "highway": "residential" }, "geometry": { "type": "LineString", "coordinates": [ [ 80.2234566, 12.9719286 ], [ 80.2234972, 12.9714473 ], [ 80.2235316, 12.9709226 ] ] } },
{ "type": "Feature", "properties": { "osm_id": "863280022", "name": "VGP Selva Nagar Extension 5th Street", "highway": "residential" }, "geometry": { "type": "LineString", "coordinates": [ [ 80.2234566, 12.9719286 ], [ 80.2250348, 12.9720962 ], [ 80.2254773, 12.9721644 ] ] } },
{ "type": "Feature", "properties": { "osm_id": "863280023", "name": null, "highway": "residential" }, "geometry": { "type": "LineString", "coordinates": [ [ 80.2223191, 12.975721 ], [ 80.2223238, 12.9760984 ] ] } },
{ "type": "Feature", "properties": { "osm_id": "932740707", "name": null, "highway": "residential" }, "geometry": { "type": "LineString", "coordinates": [ [ 80.2166103, 12.982295 ], [ 80.2178536, 12.982412 ] ] } },
{ "type": "Feature", "properties": { "osm_id": "939228067", "name": "Inner Ring Road (Southern Sector)", "highway": "primary" }, "geometry": { "type": "LineString", "coordinates": [ [ 80.2099693, 12.973591 ], [ 80.210776, 12.9729268 ], [ 80.2116627, 12.9721555 ], [ 80.2123049, 12.971599 ], [ 80.2136506, 12.9704569 ], [ 80.2139001, 12.9702347 ], [ 80.214871, 12.9694009 ], [ 80.2155516, 12.9688076 ], [ 80.2157595, 12.9686301 ], [ 80.2157798, 12.9686144 ], [ 80.2161024, 12.9683655 ], [ 80.2163972, 12.9681802 ], [ 80.2165077, 12.9681023 ], [ 80.2166319, 12.9680169 ], [ 80.2167747, 12.9678953 ], [ 80.2169066, 12.9677305 ], [ 80.2170448, 12.9676045 ], [ 80.2171253, 12.9675515 ] ] } },
{ "type": "Feature", "properties": { "osm_id": "1015894846", "name": "Velachery Main Road", "highway": "secondary" }, "geometry": { "type": "LineString", "coordinates": [ [ 80.2214036, 12.9759943 ], [ 80.2213325, 12.9760873 ] ] } },
{ "type": "Feature", "properties": { "osm_id": "1015894847", "name": "Taramani Link Road", "highway": "primary" }, "geometry": { "type": "LineString", "coordinates": [ [ 80.2213325, 12.9760873 ], [ 80.2215821, 12.9762478 ], [ 80.2219275, 12.9764634 ], [ 80.2220667, 12.9765503 ] ] } },
{ "type": "Feature", "properties": { "osm_id": "1020569416", "name": "Taramani Link Road", "highway": "primary" }, "geometry": { "type": "LineString", "coordinates": [ [ 80.225212, 12.9784681 ], [ 80.2253586, 12.9785526 ], [ 80.2266635, 12.9793065 ], [ 80.2281925, 12.9802521 ], [ 80.2283547, 12.9803508 ] ] } },
{ "type": "Feature", "properties": { "osm_id": "1020569417", "name": "Velachery Main Road", "highway": "secondary" }, "geometry": { "type": "LineString", "coordinates": [ [ 80.2213325, 12.9760873 ], [ 80.2212565, 12.9761756 ], [ 80.2212424, 12.9762165 ], [ 80.2212166, 12.9763056 ], [ 80.2212122, 12.9764607 ], [ 80.2212169, 12.9767901 ], [ 80.2212104, 12.9770381 ], [ 80.221206, 12.9775013 ] ] } },
{ "type": "Feature", "properties": { "osm_id": "1021024229", "name": "Taramani Link Road", "highway": "primary" }, "geometry": { "type": "LineString", "coordinates": [ [ 80.2282523, 12.9801764 ], [ 80.2274089, 12.9796622 ], [ 80.2268928, 12.9793422 ], [ 80.2260724, 12.9788536 ], [ 80.2253294, 12.9784111 ], [ 80.2252635, 12.9783717 ] ] } },
{ "type": "Feature", "properties": { "osm_id": "1046486633", "name": null, "highway": "service" }, "geometry": { "type": "LineString", "coordinates": [ [ 80.2109512, 12.9749582 ], [ 80.2110514, 12.9736595 ], [ 80.2109682, 12.9733892 ], [ 80.2109324, 12.9733498 ] ] } },
{ "type": "Feature", "properties": { "osm_id": "1083973667", "name": null, "highway": "residential" }, "geometry": { "type": "LineString", "coordinates": [ [ 80.2212061, 12.9777947 ], [ 80.2211456, 12.9777925 ], [ 80.2210851, 12.9777904 ], [ 80.2208702, 12.9777827 ], [ 80.2206345, 12.9778211 ], [ 80.2205613, 12.9778743 ], [ 80.2205559, 12.9778816 ], [ 80.2205533, 12.9778906 ], [ 80.2205465, 12.9781806 ], [ 80.2205516, 12.9781898 ], [ 80.2205618, 12.978193 ], [ 80.221075, 12.9782092 ], [ 80.2211243, 12.9782136 ], [ 80.2211832, 12.9782163 ] ] } },
{ "type": "Feature", "properties": { "osm_id": "1085776419", "name": null, "highway": "service" }, "geometry": { "type": "LineString", "coordinates": [ [ 80.2197997, 12.9785391 ], [ 80.2197898, 12.9782701 ], [ 80.21981, 12.9782559 ], [ 80.2208655, 12.978238 ], [ 80.2208882, 12.9782608 ], [ 80.2209301, 12.978555 ] ] } },
{ "type": "Feature", "properties": { "osm_id": "1092344577", "name": null, "highway": "residential" }, "geometry": { "type": "LineString", "coordinates": [ [ 80.2118948, 12.9728232 ], [ 80.2125455, 12.9727315 ] ] } },
{ "type": "Feature", "properties": { "osm_id": "1103544350", "name": "VGP Selva Nagar 2nd Main Road", "highway": "residential" }, "geometry": { "type": "LineString", "coordinates": [ [ 80.2235316, 12.9709226 ], [ 80.2251352, 12.9710843 ], [ 80.225604, 12.9711316 ], [ 80.225756, 12.9711372 ], [ 80.2258785, 12.9711465 ], [ 80.2260035, 12.9711645 ], [ 80.2261241, 12.9711771 ], [ 80.2263395, 12.9711894 ], [ 80.2264418, 12.9711937 ], [ 80.2265143, 12.9711968 ], [ 80.226673, 12.9711891 ], [ 80.2267083, 12.9711792 ], [ 80.2267506, 12.9711616 ], [ 80.226758, 12.9711575 ], [ 80.2268273, 12.9711198 ], [ 80.2268972, 12.9710565 ] ] } },
{ "type": "Feature", "properties": { "osm_id": "1105956370", "name": "Velachery Lower Flyover", "highway": "primary" }, "geometry": { "type": "LineString", "coordinates": [ [ 80.219387, 12.9779775 ], [ 80.2198056, 12.976888 ], [ 80.2199369, 12.9765474 ], [ 80.2200092, 12.9763677 ], [ 80.220072, 12.9762141 ], [ 80.2201507, 12.9760404 ], [ 80.2202583, 12.9758337 ], [ 80.2203427, 12.9756979 ], [ 80.2204469, 12.9755169 ], [ 80.2204725, 12.9754693 ], [ 80.2205022, 12.9754086 ], [ 80.2205213, 12.975357 ], [ 80.2205351, 12.9753103 ], [ 80.2205479, 12.9752346 ], [ 80.2205553, 12.9751452 ], [ 80.2205555, 12.9750296 ], [ 80.2205504, 12.9749572 ], [ 80.2205394, 12.974902 ], [ 80.220525, 12.9748526 ], [ 80.2205022, 12.9747934 ], [ 80.2200432, 12.9738071 ] ] } },
{ "type": "Feature", "properties": { "osm_id": "1105956371", "name": "Velachery Upper Flyover", "highway": "primary" }, "geometry": { "type": "LineString", "coordinates": [ [ 80.2202138, 12.9757596 ], [ 80.2201698, 12.9757957 ], [ 80.2201307, 12.9758352 ], [ 80.22009, 12.9758945 ], [ 80.2200436, 12.9759785 ], [ 80.2199862, 12.9761104 ], [ 80.2198121, 12.9765274 ], [ 80.2197248, 12.9767442 ], [ 80.2196439, 12.9769537 ], [ 80.2194866, 12.9773785 ], [ 80.2193414, 12.9777658 ], [ 80.2192548, 12.9779841 ], [ 80.2190655, 12.978461 ], [ 80.2188485, 12.9790347 ], [ 80.2185278, 12.9799358 ] ] } },
{ "type": "Feature", "properties": { "osm_id": "1105956372", "name": "Velachery Lower Flyover", "highway": "primary" }, "geometry": { "type": "LineString", "coordinates": [ [ 80.2193279, 12.9781365 ], [ 80.219387, 12.9779775 ] ] } },
{ "type": "Feature", "properties": { "osm_id": "1105956373", "name": "100 Feet Road", "highway": "primary" }, "geometry": { "type": "LineString", "coordinates": [ [ 80.2193279, 12.9781365 ], [ 80.2194198, 12.9780888 ], [ 80.2194824, 12.9779563 ], [ 80.2195108, 12.9778859 ], [ 80.2195174, 12.9778732 ], [ 80.219544, 12.9778115 ], [ 80.2197972, 12.9771638 ], [ 80.2199529, 12.9767862 ], [ 80.2200871, 12.9764609 ], [ 80.2201404, 12.9763325 ], [ 80.2201547, 12.9762902 ], [ 80.220161, 12.9762715 ], [ 80.2202098, 12.9761446 ], [ 80.2202782, 12.9760035 ], [ 80.2203358, 12.9758819 ], [ 80.2203908, 12.9757761 ], [ 80.2204375, 12.9757042 ], [ 80.2204643, 12.975663 ], [ 80.2205292, 12.9755867 ], [ 80.2205653, 12.9755564 ], [ 80.2205889, 12.9755367 ], [ 80.2206372, 12.9755129 ], [ 80.2207189, 12.9754853 ] ] } },
{ "type": "Feature", "properties": { "osm_id": "1105956375", "name": "100 Feet Road", "highway": "primary" }, "geometry": { "type": "LineString", "coordinates": [ [ 80.2204894, 12.97508 ], [ 80.2204915, 12.9751107 ], [ 80.2204977, 12.9751555 ], [ 80.2204976, 12.9752006 ], [ 80.2204829, 12.9752686 ], [ 80.2204507, 12.975347 ], [ 80.2204051, 12.9754306 ], [ 80.2203582, 12.9755011 ], [ 80.2203367, 12.975526 ], [ 80.2203066, 12.97556 ], [ 80.2202861, 12.9755849 ], [ 80.2202557, 12.9756216 ], [ 80.2202426, 12.9756375 ], [ 80.2201784, 12.9757079 ], [ 80.2201133, 12.9757798 ], [ 80.2200678, 12.9758377 ], [ 80.2200294, 12.9758988 ], [ 80.2199624, 12.9760139 ], [ 80.2198996, 12.9761508 ], [ 80.2198209, 12.9763456 ], [ 80.2197633, 12.976488 ], [ 80.2196751, 12.976714 ], [ 80.2194883, 12.977206 ], [ 80.2191825, 12.9779737 ], [ 80.2191448, 12.9780536 ] ] } },
{ "type": "Feature", "properties": { "osm_id": "1105956378", "name": "Major Mukund Varadharajan Salai", "highway": "primary" }, "geometry": { "type": "LineString", "coordinates": [ [ 80.2214036, 12.9759943 ], [ 80.221305, 12.9759164 ], [ 80.2211908, 12.9758127 ], [ 80.2211481, 12.9757717 ], [ 80.2210581, 12.9756855 ], [ 80.2209379, 12.9755573 ], [ 80.2208671, 12.9754685 ], [ 80.2208393, 12.9754266 ], [ 80.2208026, 12.9753551 ], [ 80.2207427, 12.9752026 ], [ 80.2207147, 12.9751314 ], [ 80.2206684, 12.9750127 ], [ 80.2205958, 12.974827 ], [ 80.2205119, 12.9746256 ], [ 80.2204184, 12.974401 ], [ 80.2204048, 12.9743682 ], [ 80.2202265, 12.9739336 ], [ 80.2199898, 12.9733833 ], [ 80.2198761, 12.9731033 ], [ 80.2196904, 12.972646 ], [ 80.219574, 12.9723727 ], [ 80.2195467, 12.9723085 ], [ 80.219533, 12.9722763 ], [ 80.2194993, 12.9721972 ], [ 80.2194461, 12.9720642 ], [ 80.2194122, 12.9719844 ] ] } },
{ "type": "Feature", "properties": { "osm_id": "1105956379", "name": "Major Mukund Varadharajan Salai", "highway": "primary" }, "geometry": { "type": "LineString", "coordinates": [ [ 80.2187689, 12.9707573 ], [ 80.218843, 12.9709191 ], [ 80.2190042, 12.9713022 ], [ 80.2190447, 12.9714014 ] ] } },
{ "type": "Feature", "properties": { "osm_id": "1105956380", "name": "Major Mukund Varadharajan Salai", "highway": "primary" }, "geometry": { "type": "LineString", "coordinates": [ [ 80.2190447, 12.9714014 ], [ 80.219175, 12.9717386 ], [ 80.2192008, 12.9718053 ], [ 80.2192164, 12.971874 ] ] } },
{ "type": "Feature", "properties": { "osm_id": "1105956381", "name": "100 Feet Road", "highway": "primary" }, "geometry": { "type": "LineString", "coordinates": [ [ 80.2191661, 12.9784912 ], [ 80.2192141, 12.9784301 ], [ 80.2192714, 12.9782778 ], [ 80.2193279, 12.9781365 ] ] } },
{ "type": "Feature", "properties": { "osm_id": "1105956382", "name": "Velachery Lower Flyover", "highway": "primary" }, "geometry": { "type": "LineString", "coordinates": [ [ 80.2200432, 12.9738071 ], [ 80.2199746, 12.9736595 ], [ 80.2199101, 12.9735025 ], [ 80.2197978, 12.9731902 ], [ 80.2196977, 12.9729217 ], [ 80.2195935, 12.9726195 ], [ 80.219558, 12.9725226 ], [ 80.2195228, 12.9724201 ], [ 80.219481, 12.9723039 ] ] } },
{ "type": "Feature", "properties": { "osm_id": "1105956383", "name": "Major Mukund Varadharajan Salai", "highway": "primary" }, "geometry": { "type": "LineString", "coordinates": [ [ 80.219131, 12.9712759 ], [ 80.2189424, 12.9707377 ], [ 80.2188898, 12.9705875 ] ] } },
{ "type": "Feature", "properties": { "osm_id": "1105956384", "name": "Velachery Upper Flyover", "highway": "primary" }, "geometry": { "type": "LineString", "coordinates": [ [ 80.2250367, 12.978234 ], [ 80.2249288, 12.9782427 ], [ 80.2248166, 12.9781831 ] ] } },
{ "type": "Feature", "properties": { "osm_id": "1105956833", "name": "Velachery Bypass Road", "highway": "primary" }, "geometry": { "type": "LineString", "coordinates": [ [ 80.2191448, 12.9780536 ], [ 80.2191203, 12.9781166 ], [ 80.219098, 12.9781639 ], [ 80.2188666, 12.9787559 ], [ 80.2188374, 12.9788292 ], [ 80.2188116, 12.978894 ], [ 80.218732, 12.9791283 ], [ 80.2186351, 12.9794109 ], [ 80.2186029, 12.9795109 ], [ 80.2185724, 12.9795876 ], [ 80.2185054, 12.9797564 ], [ 80.2184067, 12.9800506 ] ] } },
{ "type": "Feature", "properties": { "osm_id": "1105956834", "name": "Velachery Upper Flyover", "highway": "primary" }, "geometry": { "type": "LineString", "coordinates": [ [ 80.2185278, 12.9799358 ], [ 80.2184391, 12.9801452 ], [ 80.2183344, 12.9802393 ] ] } },
{ "type": "Feature", "properties": { "osm_id": "1117796742", "name": null, "highway": "residential" }, "geometry": { "type": "LineString", "coordinates": [ [ 80.2188571, 12.9792233 ], [ 80.2190192, 12.9792612 ], [ 80.2190893, 12.9792776 ], [ 80.2190236, 12.9794583 ], [ 80.2190262, 12.9794782 ], [ 80.2190317, 12.979488 ], [ 80.2190449, 12.9794967 ], [ 80.2193297, 12.9795627 ], [ 80.2193453, 12.9795582 ], [ 80.2193495, 12.9795442 ] ] } },
{ "type": "Feature", "properties": { "osm_id": "1117796743", "name": null, "highway": "residential" }, "geometry": { "type": "LineString", "coordinates": [ [ 80.2194611, 12.9791066 ], [ 80.2192092, 12.9790488 ], [ 80.2191904, 12.9790492 ], [ 80.2191826, 12.9790582 ], [ 80.2191098, 12.979235 ] ] } },
{ "type": "Feature", "properties": { "osm_id": "1124222251", "name": null, "highway": "residential" }, "geometry": { "type": "LineString", "coordinates": [ [ 80.2158424, 12.9855962 ], [ 80.2159076, 12.9856057 ], [ 80.2164802, 12.9855331 ] ] } },
{ "type": "Feature", "properties": { "osm_id": "1124222252", "name": "Astalakshmi Nagar 2nd Street", "highway": "residential" }, "geometry": { "type": "LineString", "coordinates": [ [ 80.2155834, 12.9851658 ], [ 80.2155952, 12.9851942 ], [ 80.2156002, 12.9855512 ], [ 80.215608, 12.9857234 ], [ 80.2156005, 12.9858306 ] ] } },
{ "type": "Feature", "properties": { "osm_id": "1124336478", "name": null, "highway": "service" }, "geometry": { "type": "LineString", "coordinates": [ [ 80.2202353, 12.9789415 ], [ 80.2202252, 12.9791072 ], [ 80.2202327, 12.9791303 ], [ 80.2202542, 12.9791395 ] ] } },
{ "type": "Feature", "properties": { "osm_id": "1124336479", "name": null, "highway": "service" }, "geometry": { "type": "LineString", "coordinates": [ [ 80.2202542, 12.9791395 ], [ 80.2210532, 12.9791722 ], [ 80.2211311, 12.9791794 ] ] } },
{ "type": "Feature", "properties": { "osm_id": "1124336480", "name": null, "highway": "service" }, "geometry": { "type": "LineString", "coordinates": [ [ 80.2254874, 12.9787481 ], [ 80.2254767, 12.9790534 ] ] } },
{ "type": "Feature", "properties": { "osm_id": "1124365933", "name": null, "highway": "primary_link" }, "geometry": { "type": "LineString", "coordinates": [ [ 80.2203135, 12.9746827 ], [ 80.2205119, 12.9746256 ] ] } },
{ "type": "Feature", "properties": { "osm_id": "1126599643", "name": null, "highway": "residential" }, "geometry": { "type": "LineString", "coordinates": [ [ 80.2205423, 12.9716815 ], [ 80.2213905, 12.9715432 ], [ 80.2214334, 12.9715536 ], [ 80.2214709, 12.9715327 ], [ 80.2215295, 12.9715255 ] ] } },
{ "type": "Feature", "properties": { "osm_id": "1131429188", "name": null, "highway": "primary_link" }, "geometry": { "type": "LineString", "coordinates": [ [ 80.2252635, 12.9783717 ], [ 80.225212, 12.9784681 ] ] } },
{ "type": "Feature", "properties": { "osm_id": "1146411450", "name": null, "highway": "residential" }, "geometry": { "type": "LineString", "coordinates": [ [ 80.2181511, 12.9808421 ], [ 80.2174718, 12.9808092 ] ] } },
{ "type": "Feature", "properties": { "osm_id": "1152322466", "name": null, "highway": "residential" }, "geometry": { "type": "LineString", "coordinates": [ [ 80.2139301, 12.9770665 ], [ 80.2139022, 12.9773605 ], [ 80.2138813, 12.9776316 ], [ 80.2138779, 12.9776515 ], [ 80.213869, 12.9776705 ], [ 80.2138501, 12.9776783 ], [ 80.213825, 12.9776812 ], [ 80.2134653, 12.9776294 ] ] } },
{ "type": "Feature", "properties": { "osm_id": "1152322467", "name": null, "highway": "residential" }, "geometry": { "type": "LineString", "coordinates": [ [ 80.2139022, 12.9773605 ], [ 80.2134592, 12.9773291 ] ] } },
{ "type": "Feature", "properties": { "osm_id": "1154888757", "name": "Taramani Link Road", "highway": "primary" }, "geometry": { "type": "LineString", "coordinates": [ [ 80.2284118, 12.9802684 ], [ 80.2282523, 12.9801764 ] ] } },
{ "type": "Feature", "properties": { "osm_id": "1188238535", "name": null, "highway": "service" }, "geometry": { "type": "LineString", "coordinates": [ [ 80.2179014, 12.9817607 ], [ 80.2176901, 12.9817327 ], [ 80.2176497, 12.9817274 ], [ 80.2175367, 12.9817264 ], [ 80.2174953, 12.9817239 ], [ 80.2167819, 12.9816809 ], [ 80.2167694, 12.9816591 ], [ 80.2167631, 12.9816223 ], [ 80.216784, 12.98152 ], [ 80.2168115, 12.9815018 ], [ 80.2168436, 12.9815034 ], [ 80.2170732, 12.9814888 ], [ 80.2170696, 12.9814016 ], [ 80.2170693, 12.9813479 ] ] } },
{ "type": "Feature", "properties": { "osm_id": "1188240701", "name": null, "highway": "residential" }, "geometry": { "type": "LineString", "coordinates": [ [ 80.2202356, 12.9801317 ], [ 80.2197581, 12.9801631 ], [ 80.2197315, 12.9801678 ], [ 80.2197187, 12.9801776 ], [ 80.2197107, 12.9801985 ], [ 80.219719, 12.98079 ], [ 80.2197194, 12.9808317 ], [ 80.2197256, 12.9808534 ], [ 80.2197388, 12.980865 ], [ 80.2197581, 12.9808674 ], [ 80.2202506, 12.9808644 ], [ 80.2202535, 12.9805603 ], [ 80.2202356, 12.9801317 ] ] } },
{ "type": "Feature", "properties": { "osm_id": "1188240702", "name": null, "highway": "residential" }, "geometry": { "type": "LineString", "coordinates": [ [ 80.2210565, 12.9805552 ], [ 80.2210114, 12.9805543 ], [ 80.2207152, 12.9805641 ] ] } },
{ "type": "Feature", "properties": { "osm_id": "1188240703", "name": null, "highway": "residential" }, "geometry": { "type": "LineString", "coordinates": [ [ 80.2202506, 12.9808644 ], [ 80.2206609, 12.9808807 ], [ 80.2206836, 12.9808752 ], [ 80.2206899, 12.9808633 ], [ 80.2207152, 12.9805641 ] ] } },
{ "type": "Feature", "properties": { "osm_id": "1188240704", "name": null, "highway": "service" }, "geometry": { "type": "LineString", "coordinates": [ [ 80.2208204, 12.9808432 ], [ 80.2210445, 12.9807765 ] ] } },
{ "type": "Feature", "properties": { "osm_id": "1188241308", "name": null, "highway": "residential" }, "geometry": { "type": "LineString", "coordinates": [ [ 80.2191853, 12.9843761 ], [ 80.2191871, 12.9843561 ], [ 80.2191951, 12.9840624 ] ] } },
{ "type": "Feature", "properties": { "osm_id": "1188900721", "name": "Lake View Road", "highway": "residential" }, "geometry": { "type": "LineString", "coordinates": [ [ 80.2143663, 12.9869658 ], [ 80.2144539, 12.9869649 ], [ 80.2149316, 12.9868507 ], [ 80.2150801, 12.9868466 ], [ 80.215312, 12.9868557 ], [ 80.2154536, 12.9868485 ], [ 80.2157807, 12.9867743 ], [ 80.2159996, 12.9867513 ], [ 80.2163038, 12.986757 ], [ 80.2166491, 12.9868129 ], [ 80.2168894, 12.9868464 ], [ 80.2170693, 12.9868359 ], [ 80.2174512, 12.9867143 ], [ 80.2176887, 12.9866695 ], [ 80.2178813, 12.9866229 ], [ 80.2180718, 12.9865688 ] ] } },
{ "type": "Feature", "properties": { "osm_id": "1188922580", "name": null, "highway": "residential" }, "geometry": { "type": "LineString", "coordinates": [ [ 80.2125432, 12.9797168 ], [ 80.2125997, 12.9797217 ] ] } },
{ "type": "Feature", "properties": { "osm_id": "1188926341", "name": "Malles Arcadia Road", "highway": "residential" }, "geometry": { "type": "LineString", "coordinates": [ [ 80.2127886, 12.9792713 ], [ 80.2126934, 12.9792651 ], [ 80.2126662, 12.9792635 ], [ 80.2126501, 12.9792703 ], [ 80.2126408, 12.9792984 ], [ 80.2126363, 12.9793447 ], [ 80.2126347, 12.9793605 ], [ 80.2125997, 12.9797217 ], [ 80.2125823, 12.9798907 ], [ 80.2125828, 12.9799047 ], [ 80.2125964, 12.979914 ], [ 80.2126153, 12.9799214 ], [ 80.2132382, 12.9799725 ], [ 80.21325, 12.9799592 ], [ 80.2133017, 12.9794368 ], [ 80.2133107, 12.9793194 ], [ 80.2132979, 12.9793148 ], [ 80.2132798, 12.9793076 ], [ 80.2127886, 12.9792713 ], [ 80.2127909, 12.9792419 ], [ 80.2127891, 12.9791936 ] ] } },
{ "type": "Feature", "properties": { "osm_id": "1188960376", "name": null, "highway": "residential" }, "geometry": { "type": "LineString", "coordinates": [ [ 80.2119307, 12.9763521 ], [ 80.2119181, 12.9765077 ], [ 80.2118891, 12.9767261 ], [ 80.2118829, 12.9768663 ], [ 80.2118634, 12.9770087 ], [ 80.2118465, 12.9773366 ] ] } },
{ "type": "Feature", "properties": { "osm_id": "1188960377", "name": null, "highway": "residential" }, "geometry": { "type": "LineString", "coordinates": [ [ 80.2124986, 12.976394 ], [ 80.2119307, 12.9763521 ] ] } },
{ "type": "Feature", "properties": { "osm_id": "1189071890", "name": null, "highway": "living_street" }, "geometry": { "type": "LineString", "coordinates": [ [ 80.2242952, 12.9866264 ], [ 80.2244637, 12.9870904 ] ] } },
{ "type": "Feature", "properties": { "osm_id": "1189080829", "name": null, "highway": "service" }, "geometry": { "type": "LineString", "coordinates": [ [ 80.2125386, 12.9726672 ], [ 80.2126002, 12.9726628 ], [ 80.2129192, 12.9726367 ] ] } },
{ "type": "Feature", "properties": { "osm_id": "1189327491", "name": null, "highway": "service" }, "geometry": { "type": "LineString", "coordinates": [ [ 80.2122316, 12.9771898 ], [ 80.2122566, 12.9769167 ], [ 80.2122465, 12.9768988 ], [ 80.2118829, 12.9768663 ] ] } },
{ "type": "Feature", "properties": { "osm_id": "1189327975", "name": null, "highway": "residential" }, "geometry": { "type": "LineString", "coordinates": [ [ 80.2130117, 12.9758119 ], [ 80.2132613, 12.9758294 ] ] } },
{ "type": "Feature", "properties": { "osm_id": "1189327976", "name": null, "highway": "service" }, "geometry": { "type": "LineString", "coordinates": [ [ 80.2130423, 12.9754953 ], [ 80.2130596, 12.9754962 ], [ 80.2133424, 12.9755102 ], [ 80.2135282, 12.9755194 ] ] } },
{ "type": "Feature", "properties": { "osm_id": "1189327977", "name": null, "highway": "residential" }, "geometry": { "type": "LineString", "coordinates": [ [ 80.213395, 12.9764168 ], [ 80.2134197, 12.9758976 ] ] } },
{ "type": "Feature", "properties": { "osm_id": "1189329459", "name": null, "highway": "service" }, "geometry": { "type": "LineString", "coordinates": [ [ 80.2120279, 12.9782279 ], [ 80.2120272, 12.9782643 ], [ 80.2120217, 12.9785786 ] ] } },
{ "type": "Feature", "properties": { "osm_id": "1189330081", "name": null, "highway": "residential" }, "geometry": { "type": "LineString", "coordinates": [ [ 80.2136106, 12.978631 ], [ 80.2130879, 12.9785936 ] ] } },
{ "type": "Feature", "properties": { "osm_id": "1189330702", "name": null, "highway": "residential" }, "geometry": { "type": "LineString", "coordinates": [ [ 80.216261, 12.9795696 ], [ 80.2162631, 12.979989 ] ] } },
{ "type": "Feature", "properties": { "osm_id": "1189331588", "name": null, "highway": "residential" }, "geometry": { "type": "LineString", "coordinates": [ [ 80.21803, 12.9793741 ], [ 80.2180293, 12.9792467 ], [ 80.2180284, 12.9790871 ] ] } },
{ "type": "Feature", "properties": { "osm_id": "1189331589", "name": null, "highway": "residential" }, "geometry": { "type": "LineString", "coordinates": [ [ 80.2181045, 12.9790874 ], [ 80.2181118, 12.9788349 ], [ 80.2178795, 12.9788251 ], [ 80.2176336, 12.9788105 ], [ 80.2176332, 12.9785881 ], [ 80.2176318, 12.9783435 ], [ 80.2176355, 12.9781255 ], [ 80.2176437, 12.9781123 ], [ 80.2176611, 12.9781079 ], [ 80.2178811, 12.9781187 ] ] } },
{ "type": "Feature", "properties": { "osm_id": "1189333177", "name": null, "highway": "residential" }, "geometry": { "type": "LineString", "coordinates": [ [ 80.2192714, 12.9782778 ], [ 80.2196763, 12.9783145 ], [ 80.219687, 12.9784288 ] ] } },
{ "type": "Feature", "properties": { "osm_id": "1189336846", "name": null, "highway": "service" }, "geometry": { "type": "LineString", "coordinates": [ [ 80.2201404, 12.9763325 ], [ 80.2201986, 12.9763348 ], [ 80.220567, 12.9763529 ], [ 80.220565, 12.9764904 ], [ 80.2202412, 12.9764909 ], [ 80.2202038, 12.9764805 ], [ 80.2200871, 12.9764609 ] ] } },
{ "type": "Feature", "properties": { "osm_id": "1189336847", "name": null, "highway": "service" }, "geometry": { "type": "LineString", "coordinates": [ [ 80.2201547, 12.9762902 ], [ 80.220204, 12.9762887 ], [ 80.2205484, 12.9763119 ] ] } },
{ "type": "Feature", "properties": { "osm_id": "1189342898", "name": null, "highway": "residential" }, "geometry": { "type": "LineString", "coordinates": [ [ 80.2199529, 12.9767862 ], [ 80.2199929, 12.9767908 ], [ 80.2202599, 12.9768212 ], [ 80.2202697, 12.9768301 ], [ 80.2202719, 12.9769677 ], [ 80.220463, 12.9769692 ] ] } },
{ "type": "Feature", "properties": { "osm_id": "1189342899", "name": null, "highway": "residential" }, "geometry": { "type": "LineString", "coordinates": [ [ 80.2200465, 12.977651 ], [ 80.2202475, 12.9776618 ], [ 80.2204842, 12.9776763 ] ] } },
{ "type": "Feature", "properties": { "osm_id": "1189342900", "name": null, "highway": "residential" }, "geometry": { "type": "LineString", "coordinates": [ [ 80.22026, 12.9773153 ], [ 80.2202592, 12.9773556 ], [ 80.2202549, 12.9774936 ], [ 80.2204954, 12.9774967 ] ] } },
{ "type": "Feature", "properties": { "osm_id": "1189342901", "name": null, "highway": "residential" }, "geometry": { "type": "LineString", "coordinates": [ [ 80.2202631, 12.9771395 ], [ 80.22026, 12.9773153 ], [ 80.2205004, 12.9773219 ] ] } },
{ "type": "Feature", "properties": { "osm_id": "1189342902", "name": null, "highway": "residential" }, "geometry": { "type": "LineString", "coordinates": [ [ 80.2202663, 12.9770696 ], [ 80.2202631, 12.9771395 ], [ 80.220469, 12.977145 ] ] } },
{ "type": "Feature", "properties": { "osm_id": "1189342903", "name": null, "highway": "residential" }, "geometry": { "type": "LineString", "coordinates": [ [ 80.2202719, 12.9769677 ], [ 80.2202663, 12.9770696 ], [ 80.2200542, 12.9770714 ] ] } },
{ "type": "Feature", "properties": { "osm_id": "1189342904", "name": null, "highway": "residential" }, "geometry": { "type": "LineString", "coordinates": [ [ 80.2202549, 12.9774936 ], [ 80.2202475, 12.9776618 ], [ 80.2202397, 12.9778287 ], [ 80.2204511, 12.9778337 ] ] } },
{ "type": "Feature", "properties": { "osm_id": "1189342905", "name": null, "highway": "residential" }, "geometry": { "type": "LineString", "coordinates": [ [ 80.2202592, 12.9773556 ], [ 80.2200503, 12.9773523 ], [ 80.2200478, 12.9775415 ] ] } },
{ "type": "Feature", "properties": { "osm_id": "1189344001", "name": null, "highway": "residential" }, "geometry": { "type": "LineString", "coordinates": [ [ 80.221206, 12.9775302 ], [ 80.2211308, 12.9775269 ], [ 80.2206096, 12.9775033 ], [ 80.2205893, 12.9775113 ], [ 80.2205761, 12.9775352 ], [ 80.2205741, 12.9777885 ], [ 80.2205928, 12.9777977 ], [ 80.2206297, 12.9777977 ], [ 80.220749, 12.9777718 ], [ 80.2207955, 12.977751 ], [ 80.2208617, 12.9777346 ], [ 80.2209307, 12.9777254 ], [ 80.2211398, 12.9777386 ], [ 80.2212061, 12.9777428 ] ] } },
{ "type": "Feature", "properties": { "osm_id": "1189344572", "name": null, "highway": "residential" }, "geometry": { "type": "LineString", "coordinates": [ [ 80.2219607, 12.9775298 ], [ 80.2219561, 12.9775816 ], [ 80.2219258, 12.9779195 ], [ 80.2219045, 12.9779344 ], [ 80.2213509, 12.9779049 ], [ 80.2213657, 12.9775746 ], [ 80.2213705, 12.9775075 ] ] } },
{ "type": "Feature", "properties": { "osm_id": "1189345200", "name": null, "highway": "service" }, "geometry": { "type": "LineString", "coordinates": [ [ 80.2211016, 12.9797452 ], [ 80.2212051, 12.9797443 ], [ 80.2217123, 12.9797803 ], [ 80.2217224, 12.9797825 ], [ 80.2217289, 12.9797909 ], [ 80.2217069, 12.98 ], [ 80.2216967, 12.9800062 ], [ 80.221686, 12.9800092 ], [ 80.2211898, 12.9799937 ], [ 80.2210909, 12.9799885 ] ] } },
{ "type": "Feature", "properties": { "osm_id": "1189346111", "name": null, "highway": "service" }, "geometry": { "type": "LineString", "coordinates": [ [ 80.2211287, 12.979223 ], [ 80.2212096, 12.9792294 ], [ 80.2218368, 12.9792789 ] ] } },
{ "type": "Feature", "properties": { "osm_id": "1189347510", "name": null, "highway": "residential" }, "geometry": { "type": "LineString", "coordinates": [ [ 80.2219275, 12.9764634 ], [ 80.2219239, 12.9764891 ], [ 80.2219145, 12.9765438 ], [ 80.221885, 12.9767649 ], [ 80.2218739, 12.9767879 ], [ 80.2218562, 12.9768023 ], [ 80.2212847, 12.9767912 ], [ 80.2212642, 12.9767903 ], [ 80.2212169, 12.9767901 ] ] } },
{ "type": "Feature", "properties": { "osm_id": "1189610757", "name": null, "highway": "living_street" }, "geometry": { "type": "LineString", "coordinates": [ [ 80.2176869, 12.9884057 ], [ 80.2177356, 12.9886632 ], [ 80.2177444, 12.9887094 ] ] } },
{ "type": "Feature", "properties": { "osm_id": "1190128770", "name": null, "highway": "living_street" }, "geometry": { "type": "LineString", "coordinates": [ [ 80.2192026, 12.9870319 ], [ 80.2195527, 12.9878817 ] ] } },
{ "type": "Feature", "properties": { "osm_id": "1190129548", "name": null, "highway": "service" }, "geometry": { "type": "LineString", "coordinates": [ [ 80.2221549, 12.9888707 ], [ 80.2221316, 12.9888409 ], [ 80.2217639, 12.9882838 ] ] } },
{ "type": "Feature", "properties": { "osm_id": "1190129549", "name": null, "highway": "service" }, "geometry": { "type": "LineString", "coordinates": [ [ 80.2216446, 12.9892802 ], [ 80.2216028, 12.9892263 ], [ 80.2212203, 12.9886749 ], [ 80.2212198, 12.9886711 ], [ 80.221221, 12.9886677 ], [ 80.2212232, 12.9886639 ], [ 80.221602, 12.9884138 ], [ 80.2216089, 12.988411 ], [ 80.2216191, 12.9884107 ], [ 80.2216285, 12.988415 ], [ 80.2216369, 12.9884233 ], [ 80.2219643, 12.9889129 ], [ 80.2220104, 12.9889818 ] ] } },
{ "type": "Feature", "properties": { "osm_id": "1190129954", "name": null, "highway": "residential" }, "geometry": { "type": "LineString", "coordinates": [ [ 80.2201434, 12.9881703 ], [ 80.2204784, 12.9889225 ] ] } },
{ "type": "Feature", "properties": { "osm_id": "1190132080", "name": null, "highway": "residential" }, "geometry": { "type": "LineString", "coordinates": [ [ 80.2219036, 12.987436 ], [ 80.2218339, 12.9872208 ], [ 80.2218102, 12.9872147 ], [ 80.221791, 12.987216 ], [ 80.221527, 12.9872977 ] ] } },
{ "type": "Feature", "properties": { "osm_id": "1190144289", "name": null, "highway": "service" }, "geometry": { "type": "LineString", "coordinates": [ [ 80.2222806, 12.9722581 ], [ 80.2222294, 12.9722619 ], [ 80.2221739, 12.9722652 ] ] } },
{ "type": "Feature", "properties": { "osm_id": "1190145113", "name": null, "highway": "residential" }, "geometry": { "type": "LineString", "coordinates": [ [ 80.2271179, 12.9729427 ], [ 80.2266264, 12.9728731 ], [ 80.2266056, 12.972978 ], [ 80.2262577, 12.9729228 ] ] } },
{ "type": "Feature", "properties": { "osm_id": "1190297637", "name": null, "highway": "residential" }, "geometry": { "type": "LineString", "coordinates": [ [ 80.2261285, 12.9841916 ], [ 80.2261524, 12.9841911 ], [ 80.2264419, 12.9841852 ] ] } },
{ "type": "Feature", "properties": { "osm_id": "1190297959", "name": null, "highway": "service" }, "geometry": { "type": "LineString", "coordinates": [ [ 80.2224252, 12.9807615 ], [ 80.2224354, 12.9812088 ], [ 80.2224306, 12.9817122 ] ] } },
{ "type": "Feature", "properties": { "osm_id": "1190297960", "name": null, "highway": "service" }, "geometry": { "type": "LineString", "coordinates": [ [ 80.2221095, 12.9812188 ], [ 80.2221169, 12.9816199 ] ] } },
{ "type": "Feature", "properties": { "osm_id": "1190297961", "name": null, "highway": "service" }, "geometry": { "type": "LineString", "coordinates": [ [ 80.2217918, 12.9812285 ], [ 80.2217976, 12.9816395 ] ] } },
{ "type": "Feature", "properties": { "osm_id": "1190298335", "name": null, "highway": "residential" }, "geometry": { "type": "LineString", "coordinates": [ [ 80.2237527, 12.9838236 ], [ 80.2237534, 12.9838113 ], [ 80.2237636, 12.9836229 ], [ 80.2234271, 12.9835895 ], [ 80.2232625, 12.9835731 ] ] } },
{ "type": "Feature", "properties": { "osm_id": "1190298474", "name": null, "highway": "residential" }, "geometry": { "type": "LineString", "coordinates": [ [ 80.2225223, 12.9838238 ], [ 80.2226183, 12.9838014 ], [ 80.2230787, 12.9837135 ], [ 80.223093, 12.983721 ] ] } },
{ "type": "Feature", "properties": { "osm_id": "1190298613", "name": "Karnam Street", "highway": "residential" }, "geometry": { "type": "LineString", "coordinates": [ [ 80.2225553, 12.983064 ], [ 80.2225812, 12.9836924 ], [ 80.2225743, 12.9837393 ], [ 80.2225076, 12.9838003 ] ] } },
{ "type": "Feature", "properties": { "osm_id": "1190509379", "name": null, "highway": "residential" }, "geometry": { "type": "LineString", "coordinates": [ [ 80.2111385, 12.9795738 ], [ 80.2107789, 12.9795356 ] ] } },
{ "type": "Feature", "properties": { "osm_id": "1190561525", "name": null, "highway": "residential" }, "geometry": { "type": "LineString", "coordinates": [ [ 80.2260035, 12.9711645 ], [ 80.2259094, 12.9720509 ] ] } },
{ "type": "Feature", "properties": { "osm_id": "1190561808", "name": null, "highway": "residential" }, "geometry": { "type": "LineString", "coordinates": [ [ 80.2292088, 12.9738097 ], [ 80.2286815, 12.973596 ], [ 80.2281219, 12.9735679 ] ] } },
{ "type": "Feature", "properties": { "osm_id": "1190576280", "name": null, "highway": "residential" }, "geometry": { "type": "LineString", "coordinates": [ [ 80.2260306, 12.9730901 ], [ 80.2265041, 12.9731483 ], [ 80.2265798, 12.9731606 ] ] } },
{ "type": "Feature", "properties": { "osm_id": "1190576281", "name": null, "highway": "residential" }, "geometry": { "type": "LineString", "coordinates": [ [ 80.2265798, 12.9731606 ], [ 80.2265991, 12.9731651 ], [ 80.2272883, 12.9732923 ] ] } },
{ "type": "Feature", "properties": { "osm_id": "1190577687", "name": null, "highway": "residential" }, "geometry": { "type": "LineString", "coordinates": [ [ 80.2199898, 12.9733833 ], [ 80.2209563, 12.9732947 ] ] } },
{ "type": "Feature", "properties": { "osm_id": "1190577688", "name": null, "highway": "residential" }, "geometry": { "type": "LineString", "coordinates": [ [ 80.2209563, 12.9732947 ], [ 80.2209617, 12.9734912 ] ] } },
{ "type": "Feature", "properties": { "osm_id": "1190577689", "name": null, "highway": "residential" }, "geometry": { "type": "LineString", "coordinates": [ [ 80.2209563, 12.9732947 ], [ 80.2210742, 12.973286 ], [ 80.2212145, 12.9732757 ] ] } },
{ "type": "Feature", "properties": { "osm_id": "1190577690", "name": null, "highway": "residential" }, "geometry": { "type": "LineString", "coordinates": [ [ 80.2228208, 12.9734807 ], [ 80.2223823, 12.9734991 ], [ 80.2223793, 12.9734564 ], [ 80.222376, 12.9732368 ] ] } },
{ "type": "Feature", "properties": { "osm_id": "1190577691", "name": null, "highway": "residential" }, "geometry": { "type": "LineString", "coordinates": [ [ 80.2223793, 12.9734564 ], [ 80.2212519, 12.9735076 ], [ 80.2212269, 12.9735047 ] ] } },
{ "type": "Feature", "properties": { "osm_id": "1191209686", "name": null, "highway": "residential" }, "geometry": { "type": "LineString", "coordinates": [ [ 80.2190144, 12.9726125 ], [ 80.2184971, 12.9726589 ] ] } },
{ "type": "Feature", "properties": { "osm_id": "1191209687", "name": null, "highway": "service" }, "geometry": { "type": "LineString", "coordinates": [ [ 80.2210349, 12.972005 ], [ 80.2210869, 12.9719944 ], [ 80.221116, 12.9719707 ], [ 80.2211211, 12.9719523 ], [ 80.2211296, 12.9718623 ], [ 80.2211107, 12.9717558 ], [ 80.2210965, 12.9716944 ], [ 80.2210841, 12.9716536 ], [ 80.2210726, 12.9716417 ], [ 80.2197731, 12.9718775 ], [ 80.2197226, 12.9718991 ], [ 80.2196631, 12.9719371 ], [ 80.2196001, 12.9719738 ], [ 80.219545, 12.9720172 ], [ 80.2195243, 12.9720315 ], [ 80.2195102, 12.9720414 ], [ 80.2194461, 12.9720642 ] ] } },
{ "type": "Feature", "properties": { "osm_id": "1191209688", "name": null, "highway": "residential" }, "geometry": { "type": "LineString", "coordinates": [ [ 80.2198761, 12.9731033 ], [ 80.220493, 12.972998 ], [ 80.2208455, 12.9729363 ], [ 80.2209869, 12.97291 ], [ 80.2210155, 12.9729141 ], [ 80.2210322, 12.9729519 ], [ 80.2210408, 12.9730325 ], [ 80.2210472, 12.9731767 ] ] } },
{ "type": "Feature", "properties": { "osm_id": "1191972032", "name": null, "highway": "residential" }, "geometry": { "type": "LineString", "coordinates": [ [ 80.2288175, 12.9788466 ], [ 80.2283355, 12.9788177 ] ] } },
{ "type": "Feature", "properties": { "osm_id": "1191973302", "name": null, "highway": "residential" }, "geometry": { "type": "LineString", "coordinates": [ [ 80.2280216, 12.9752096 ], [ 80.2278267, 12.9751879 ], [ 80.2278024, 12.9751896 ], [ 80.2277806, 12.9752072 ], [ 80.2277625, 12.9752539 ], [ 80.2277507, 12.9752944 ], [ 80.2277291, 12.9753836 ], [ 80.2279986, 12.9754343 ] ] } },
{ "type": "Feature", "properties": { "osm_id": "1191973303", "name": null, "highway": "residential" }, "geometry": { "type": "LineString", "coordinates": [ [ 80.2277291, 12.9753836 ], [ 80.2276898, 12.9755441 ] ] } },
{ "type": "Feature", "properties": { "osm_id": "1191974815", "name": null, "highway": "service" }, "geometry": { "type": "LineString", "coordinates": [ [ 80.2230849, 12.9761473 ], [ 80.2230841, 12.9761256 ], [ 80.2230734, 12.9758058 ] ] } },
{ "type": "Feature", "properties": { "osm_id": "1191975196", "name": null, "highway": "residential" }, "geometry": { "type": "LineString", "coordinates": [ [ 80.2240014, 12.9761044 ], [ 80.2240285, 12.9758131 ] ] } },
{ "type": "Feature", "properties": { "osm_id": "1195563215", "name": "Kokilam Street", "highway": "residential" }, "geometry": { "type": "LineString", "coordinates": [ [ 80.2296403, 12.9838172 ], [ 80.2291764, 12.9838298 ], [ 80.2287272, 12.9838421 ] ] } },
{ "type": "Feature", "properties": { "osm_id": "1200999471", "name": "Alumni Avenue", "highway": "service" }, "geometry": { "type": "LineString", "coordinates": [ [ 80.2276346, 12.9902332 ], [ 80.2274875, 12.9902027 ], [ 80.2273537, 12.9901892 ], [ 80.2272555, 12.9901747 ], [ 80.2266113, 12.9900608 ], [ 80.2264169, 12.9900571 ], [ 80.2261963, 12.9901153 ], [ 80.225983, 12.9901457 ], [ 80.2258893, 12.9901527 ], [ 80.2257636, 12.9901268 ], [ 80.2255597, 12.9900285 ], [ 80.2253438, 12.9898742 ], [ 80.2251878, 12.9897739 ], [ 80.2250337, 12.9896872 ], [ 80.2247887, 12.9896122 ], [ 80.2245714, 12.98958 ], [ 80.2243006, 12.9895542 ], [ 80.2237761, 12.9895241 ], [ 80.2236512, 12.9894433 ], [ 80.2235266, 12.9893499 ], [ 80.2233929, 12.9891684 ], [ 80.2233473, 12.9887293 ], [ 80.2233212, 12.9886196 ], [ 80.2233088, 12.9884242 ], [ 80.2232896, 12.9882983 ], [ 80.2232738, 12.9879751 ], [ 80.2232393, 12.9876005 ] ] } },
{ "type": "Feature", "properties": { "osm_id": "1201588256", "name": "Velachery Upper Flyover", "highway": "primary" }, "geometry": { "type": "LineString", "coordinates": [ [ 80.2248166, 12.9781831 ], [ 80.2228202, 12.9769565 ], [ 80.2224214, 12.9767141 ], [ 80.2219842, 12.9764383 ], [ 80.2215738, 12.9761809 ], [ 80.2214758, 12.9761156 ], [ 80.2213034, 12.9759994 ], [ 80.2210294, 12.9757944 ], [ 80.2209646, 12.9757511 ], [ 80.2209235, 12.9757259 ], [ 80.2208423, 12.9756871 ], [ 80.2207455, 12.9756531 ], [ 80.2206706, 12.9756388 ], [ 80.2205984, 12.9756328 ] ] } },
{ "type": "Feature", "properties": { "osm_id": "1201588257", "name": "Velachery Upper Flyover", "highway": "primary" }, "geometry": { "type": "LineString", "coordinates": [ [ 80.2205984, 12.9756328 ], [ 80.2205283, 12.9756348 ], [ 80.2204539, 12.9756479 ], [ 80.2203906, 12.9756654 ], [ 80.220321, 12.9756933 ], [ 80.2202728, 12.9757177 ], [ 80.2202138, 12.9757596 ] ] } },
{ "type": "Feature", "properties": { "osm_id": "1203445443", "name": null, "highway": "residential" }, "geometry": { "type": "LineString", "coordinates": [ [ 80.2143368, 12.9866607 ], [ 80.2136345, 12.9866891 ] ] } },
{ "type": "Feature", "properties": { "osm_id": "1203450235", "name": null, "highway": "service" }, "geometry": { "type": "LineString", "coordinates": [ [ 80.2111016, 12.986918 ], [ 80.2113853, 12.9868986 ], [ 80.2116101, 12.9868796 ] ] } },
{ "type": "Feature", "properties": { "osm_id": "1205484742", "name": null, "highway": "service" }, "geometry": { "type": "LineString", "coordinates": [ [ 80.2193515, 12.9718275 ], [ 80.2194954, 12.9718015 ], [ 80.2198973, 12.9717287 ], [ 80.219919, 12.9717128 ], [ 80.2199253, 12.9716846 ], [ 80.2198854, 12.9714522 ], [ 80.2198741, 12.9714198 ], [ 80.2198479, 12.971391 ], [ 80.2194989, 12.9714564 ], [ 80.219475, 12.9714736 ], [ 80.2194734, 12.9715027 ], [ 80.2194887, 12.9715579 ], [ 80.2194261, 12.9715772 ], [ 80.2192707, 12.9716252 ] ] } },
{ "type": "Feature", "properties": { "osm_id": "1206879466", "name": null, "highway": "primary_link" }, "geometry": { "type": "LineString", "coordinates": [ [ 80.2178496, 12.9833506 ], [ 80.2179426, 12.9833477 ] ] } },
{ "type": "Feature", "properties": { "osm_id": "1207183517", "name": null, "highway": "residential" }, "geometry": { "type": "LineString", "coordinates": [ [ 80.2144047, 12.9805572 ], [ 80.2144083, 12.9805458 ], [ 80.214409, 12.9805308 ], [ 80.2144188, 12.9802379 ], [ 80.2144181, 12.9801133 ], [ 80.2144024, 12.9799048 ] ] } },
{ "type": "Feature", "properties": { "osm_id": "1207183518", "name": null, "highway": "residential" }, "geometry": { "type": "LineString", "coordinates": [ [ 80.2144024, 12.9799048 ], [ 80.2134958, 12.9798739 ] ] } },
{ "type": "Feature", "properties": { "osm_id": "1207942517", "name": null, "highway": "residential" }, "geometry": { "type": "LineString", "coordinates": [ [ 80.2115839, 12.97507 ], [ 80.2115316, 12.9754526 ], [ 80.2115103, 12.9756239 ] ] } },
{ "type": "Feature", "properties": { "osm_id": "1207942518", "name": null, "highway": "residential" }, "geometry": { "type": "LineString", "coordinates": [ [ 80.2115316, 12.9754526 ], [ 80.2110718, 12.9754161 ] ] } },
{ "type": "Feature", "properties": { "osm_id": "1207942825", "name": null, "highway": "service" }, "geometry": { "type": "LineString", "coordinates": [ [ 80.2130515, 12.9751917 ], [ 80.2130675, 12.9751922 ], [ 80.2135743, 12.9752203 ] ] } },
{ "type": "Feature", "properties": { "osm_id": "1207942826", "name": null, "highway": "service" }, "geometry": { "type": "LineString", "coordinates": [ [ 80.2133424, 12.9755102 ], [ 80.2133427, 12.9756695 ] ] } },
{ "type": "Feature", "properties": { "osm_id": "1207943988", "name": null, "highway": "residential" }, "geometry": { "type": "LineString", "coordinates": [ [ 80.2143338, 12.9754498 ], [ 80.2145152, 12.9754137 ], [ 80.2147011, 12.9753767 ] ] } },
{ "type": "Feature", "properties": { "osm_id": "1207943989", "name": null, "highway": "residential" }, "geometry": { "type": "LineString", "coordinates": [ [ 80.2151578, 12.9752233 ], [ 80.2148497, 12.975227 ] ] } },
{ "type": "Feature", "properties": { "osm_id": "1207943990", "name": null, "highway": "residential" }, "geometry": { "type": "LineString", "coordinates": [ [ 80.2151733, 12.9756818 ], [ 80.2151986, 12.9761267 ], [ 80.2152203, 12.9764706 ] ] } },
{ "type": "Feature", "properties": { "osm_id": "1207947963", "name": null, "highway": "residential" }, "geometry": { "type": "LineString", "coordinates": [ [ 80.2181118, 12.9788349 ], [ 80.218113, 12.9787453 ], [ 80.2181151, 12.9785934 ] ] } },
{ "type": "Feature", "properties": { "osm_id": "1207947964", "name": null, "highway": "residential" }, "geometry": { "type": "LineString", "coordinates": [ [ 80.2176332, 12.9785881 ], [ 80.2178671, 12.9785892 ], [ 80.2181151, 12.9785934 ] ] } },
{ "type": "Feature", "properties": { "osm_id": "1207947965", "name": null, "highway": "residential" }, "geometry": { "type": "LineString", "coordinates": [ [ 80.218129, 12.9783595 ], [ 80.2180488, 12.9783562 ], [ 80.2178739, 12.9783491 ], [ 80.2176318, 12.9783435 ] ] } },
{ "type": "Feature", "properties": { "osm_id": "1207949011", "name": null, "highway": "service" }, "geometry": { "type": "LineString", "coordinates": [ [ 80.2188374, 12.9788292 ], [ 80.2187361, 12.9788038 ], [ 80.218677, 12.978789 ], [ 80.2183036, 12.9787501 ], [ 80.2182944, 12.9787585 ], [ 80.2182937, 12.9787757 ], [ 80.2182846, 12.97907 ], [ 80.2182972, 12.9790781 ], [ 80.2183122, 12.9790798 ], [ 80.2186282, 12.9791163 ], [ 80.218649, 12.9791187 ], [ 80.218732, 12.9791283 ] ] } },
{ "type": "Feature", "properties": { "osm_id": "1207949012", "name": null, "highway": "service" }, "geometry": { "type": "LineString", "coordinates": [ [ 80.2186282, 12.9791163 ], [ 80.218677, 12.978789 ] ] } },
{ "type": "Feature", "properties": { "osm_id": "1207949291", "name": null, "highway": "residential" }, "geometry": { "type": "LineString", "coordinates": [ [ 80.2192542, 12.9796446 ], [ 80.2191856, 12.9799592 ] ] } },
{ "type": "Feature", "properties": { "osm_id": "1207949292", "name": null, "highway": "residential" }, "geometry": { "type": "LineString", "coordinates": [ [ 80.2191856, 12.9799592 ], [ 80.2191164, 12.9802212 ] ] } },
{ "type": "Feature", "properties": { "osm_id": "1207950111", "name": null, "highway": "residential" }, "geometry": { "type": "LineString", "coordinates": [ [ 80.2210851, 12.9777904 ], [ 80.221075, 12.9782092 ] ] } },
{ "type": "Feature", "properties": { "osm_id": "1207951261", "name": null, "highway": "residential" }, "geometry": { "type": "LineString", "coordinates": [ [ 80.2202347, 12.9797292 ], [ 80.2202354, 12.9800502 ], [ 80.2202356, 12.9801317 ] ] } },
{ "type": "Feature", "properties": { "osm_id": "1207951262", "name": null, "highway": "residential" }, "geometry": { "type": "LineString", "coordinates": [ [ 80.221155, 12.9786104 ], [ 80.2211121, 12.9786085 ], [ 80.2210448, 12.9785986 ], [ 80.2198375, 12.9785704 ], [ 80.2198091, 12.978575 ], [ 80.2197946, 12.9785882 ], [ 80.2197873, 12.9787561 ], [ 80.2198021, 12.9787883 ], [ 80.2198274, 12.9788019 ], [ 80.2204596, 12.9788652 ], [ 80.2204752, 12.9788865 ], [ 80.2204757, 12.9789347 ], [ 80.2205029, 12.9789718 ], [ 80.221022, 12.9790211 ], [ 80.2211109, 12.9790296 ], [ 80.2211391, 12.9790322 ] ] } },
{ "type": "Feature", "properties": { "osm_id": "1207951263", "name": null, "highway": "residential" }, "geometry": { "type": "LineString", "coordinates": [ [ 80.221022, 12.9790211 ], [ 80.2210448, 12.9785986 ] ] } },
{ "type": "Feature", "properties": { "osm_id": "1207953479", "name": null, "highway": "service" }, "geometry": { "type": "LineString", "coordinates": [ [ 80.2210755, 12.9802805 ], [ 80.2211529, 12.9802857 ], [ 80.221738, 12.9803249 ], [ 80.2217496, 12.9803105 ], [ 80.2217737, 12.9801062 ], [ 80.2217695, 12.9800696 ], [ 80.2211681, 12.980042 ], [ 80.2210873, 12.9800405 ] ] } },
{ "type": "Feature", "properties": { "osm_id": "1207980366", "name": null, "highway": "residential" }, "geometry": { "type": "LineString", "coordinates": [ [ 80.2219145, 12.9765438 ], [ 80.2218804, 12.9765181 ], [ 80.2217016, 12.976398 ], [ 80.221637, 12.9763644 ], [ 80.2215114, 12.9763203 ], [ 80.2212875, 12.9763308 ], [ 80.2212799, 12.9763364 ], [ 80.2212847, 12.9767912 ] ] } },
{ "type": "Feature", "properties": { "osm_id": "1219684637", "name": null, "highway": "residential" }, "geometry": { "type": "LineString", "coordinates": [ [ 80.2135356, 12.9794747 ], [ 80.2143804, 12.9794987 ] ] } },
{ "type": "Feature", "properties": { "osm_id": "1219684638", "name": null, "highway": "residential" }, "geometry": { "type": "LineString", "coordinates": [ [ 80.2143804, 12.9794987 ], [ 80.2143845, 12.9791439 ] ] } },
{ "type": "Feature", "properties": { "osm_id": "1219684796", "name": null, "highway": "service" }, "geometry": { "type": "LineString", "coordinates": [ [ 80.2182592, 12.9804939 ], [ 80.2181427, 12.980473 ], [ 80.218081, 12.980465 ] ] } },
{ "type": "Feature", "properties": { "osm_id": "1219963671", "name": null, "highway": "residential" }, "geometry": { "type": "LineString", "coordinates": [ [ 80.2144292, 12.9829472 ], [ 80.2136694, 12.9829086 ], [ 80.2136359, 12.9829099 ], [ 80.2136162, 12.9829219 ] ] } },
{ "type": "Feature", "properties": { "osm_id": "1220178672", "name": null, "highway": "service" }, "geometry": { "type": "LineString", "coordinates": [ [ 80.2179644, 12.9821535 ], [ 80.218181, 12.9822034 ], [ 80.2181765, 12.9825907 ], [ 80.217945, 12.9825835 ] ] } },
{ "type": "Feature", "properties": { "osm_id": "1220190851", "name": null, "highway": "residential" }, "geometry": { "type": "LineString", "coordinates": [ [ 80.2137377, 12.9711012 ], [ 80.2149071, 12.9709047 ] ] } },
{ "type": "Feature", "properties": { "osm_id": "1220190852", "name": "6th Main Road", "highway": "residential" }, "geometry": { "type": "LineString", "coordinates": [ [ 80.2130157, 12.9725725 ], [ 80.2129833, 12.9719031 ], [ 80.2129814, 12.9717389 ], [ 80.2129941, 12.9717023 ], [ 80.213042, 12.9716838 ], [ 80.213524, 12.971629 ] ] } },
{ "type": "Feature", "properties": { "osm_id": "1229605430", "name": null, "highway": "residential" }, "geometry": { "type": "LineString", "coordinates": [ [ 80.2250171, 12.9756688 ], [ 80.2250813, 12.9756749 ], [ 80.225177, 12.975684 ], [ 80.2251841, 12.9756829 ], [ 80.2251895, 12.9756772 ], [ 80.2252464, 12.9755493 ], [ 80.2252533, 12.9755451 ], [ 80.2252616, 12.9755445 ], [ 80.2256679, 12.975605 ] ] } },
{ "type": "Feature", "properties": { "osm_id": "1229607084", "name": null, "highway": "residential" }, "geometry": { "type": "LineString", "coordinates": [ [ 80.2284612, 12.9747155 ], [ 80.2284794, 12.9745872 ] ] } },
{ "type": "Feature", "properties": { "osm_id": "1231037602", "name": null, "highway": "residential" }, "geometry": { "type": "LineString", "coordinates": [ [ 80.227638, 12.9855451 ], [ 80.2276522, 12.9855438 ], [ 80.2279957, 12.9855131 ], [ 80.2282247, 12.9855248 ] ] } },
{ "type": "Feature", "properties": { "osm_id": "1231037721", "name": null, "highway": "living_street" }, "geometry": { "type": "LineString", "coordinates": [ [ 80.228454, 12.9854122 ], [ 80.2284436, 12.9847619 ] ] } },
{ "type": "Feature", "properties": { "osm_id": "1231299598", "name": null, "highway": "residential" }, "geometry": { "type": "LineString", "coordinates": [ [ 80.223191, 12.9885309 ], [ 80.2232277, 12.9894002 ] ] } },
{ "type": "Feature", "properties": { "osm_id": "1232379845", "name": "சன்னதி தெரு", "highway": "residential" }, "geometry": { "type": "LineString", "coordinates": [ [ 80.2237734, 12.9857148 ], [ 80.2237512, 12.9857122 ], [ 80.2237366, 12.9857 ], [ 80.2237268, 12.9856822 ], [ 80.2236278, 12.9854194 ] ] } },
{ "type": "Feature", "properties": { "osm_id": "1232381569", "name": null, "highway": "residential" }, "geometry": { "type": "LineString", "coordinates": [ [ 80.2228129, 12.9840242 ], [ 80.2228877, 12.9843086 ], [ 80.2228963, 12.984319 ], [ 80.2229165, 12.9843242 ], [ 80.2237326, 12.98418 ], [ 80.2237398, 12.9841754 ], [ 80.223744, 12.9841662 ], [ 80.2237046, 12.9838668 ] ] } },
{ "type": "Feature", "properties": { "osm_id": "1232382081", "name": null, "highway": "residential" }, "geometry": { "type": "LineString", "coordinates": [ [ 80.2226277, 12.9839929 ], [ 80.2226918, 12.983981 ], [ 80.2230881, 12.983896 ], [ 80.2231072, 12.9838809 ], [ 80.2231153, 12.9838603 ], [ 80.2231008, 12.9837391 ], [ 80.223093, 12.983721 ] ] } },
{ "type": "Feature", "properties": { "osm_id": "1232382596", "name": null, "highway": "service" }, "geometry": { "type": "LineString", "coordinates": [ [ 80.2226609, 12.9825298 ], [ 80.2226609, 12.9825783 ], [ 80.2226608, 12.9827146 ], [ 80.2226645, 12.9827257 ], [ 80.2226712, 12.9827335 ], [ 80.2226811, 12.982738 ], [ 80.2228207, 12.982738 ], [ 80.2228301, 12.9827351 ], [ 80.2228397, 12.9827273 ], [ 80.2228454, 12.9827167 ], [ 80.2228469, 12.9825778 ], [ 80.2228474, 12.9825323 ] ] } },
{ "type": "Feature", "properties": { "osm_id": "1232386386", "name": null, "highway": "residential" }, "geometry": { "type": "LineString", "coordinates": [ [ 80.2255708, 12.9846669 ], [ 80.2255887, 12.9841616 ] ] } },
{ "type": "Feature", "properties": { "osm_id": "1232397454", "name": null, "highway": "service" }, "geometry": { "type": "LineString", "coordinates": [ [ 80.2268481, 12.9860429 ], [ 80.2271004, 12.9859847 ], [ 80.2272162, 12.9859532 ], [ 80.227296, 12.9859141 ], [ 80.2273113, 12.9859016 ], [ 80.2273342, 12.9858807 ], [ 80.2273915, 12.9857918 ] ] } },
{ "type": "Feature", "properties": { "osm_id": "1232397455", "name": null, "highway": "service" }, "geometry": { "type": "LineString", "coordinates": [ [ 80.2270569, 12.9854801 ], [ 80.2267258, 12.9854402 ], [ 80.2266648, 12.9854243 ], [ 80.2266343, 12.9853887 ], [ 80.2266119, 12.9853372 ], [ 80.2266201, 12.9851767 ] ] } },
{ "type": "Feature", "properties": { "osm_id": "1235151698", "name": null, "highway": "residential" }, "geometry": { "type": "LineString", "coordinates": [ [ 80.2273973, 12.9723134 ], [ 80.2264144, 12.9714269 ] ] } },
{ "type": "Feature", "properties": { "osm_id": "1235151699", "name": null, "highway": "service" }, "geometry": { "type": "LineString", "coordinates": [ [ 80.2297993, 12.9732282 ], [ 80.2297864, 12.9730994 ], [ 80.2294669, 12.9727367 ], [ 80.2295051, 12.9726865 ], [ 80.2295718, 12.9725987 ], [ 80.2289601, 12.9720316 ], [ 80.2285936, 12.9718476 ], [ 80.2284347, 12.9717146 ], [ 80.228416, 12.9716275 ], [ 80.2283936, 12.9715233 ], [ 80.2283076, 12.9713793 ] ] } },
{ "type": "Feature", "properties": { "osm_id": "1242776547", "name": null, "highway": "residential" }, "geometry": { "type": "LineString", "coordinates": [ [ 80.2186143, 12.9824291 ], [ 80.2184654, 12.9824323 ] ] } },
{ "type": "Feature", "properties": { "osm_id": "1246844996", "name": null, "highway": "residential" }, "geometry": { "type": "LineString", "coordinates": [ [ 80.2156282, 12.9795467 ], [ 80.2156029, 12.9800093 ] ] } },
{ "type": "Feature", "properties": { "osm_id": "1246844997", "name": null, "highway": "residential" }, "geometry": { "type": "LineString", "coordinates": [ [ 80.2159163, 12.9795588 ], [ 80.2159098, 12.97992 ] ] } },
{ "type": "Feature", "properties": { "osm_id": "1246845422", "name": null, "highway": "residential" }, "geometry": { "type": "LineString", "coordinates": [ [ 80.2156079, 12.9802572 ], [ 80.2155809, 12.9807333 ] ] } },
{ "type": "Feature", "properties": { "osm_id": "1249398486", "name": null, "highway": "residential" }, "geometry": { "type": "LineString", "coordinates": [ [ 80.2125653, 12.9823812 ], [ 80.2125423, 12.9826993 ] ] } },
{ "type": "Feature", "properties": { "osm_id": "1249398487", "name": null, "highway": "residential" }, "geometry": { "type": "LineString", "coordinates": [ [ 80.212877, 12.9824113 ], [ 80.2129149, 12.98209 ] ] } },
{ "type": "Feature", "properties": { "osm_id": "1249399187", "name": null, "highway": "residential" }, "geometry": { "type": "LineString", "coordinates": [ [ 80.2120755, 12.9800484 ], [ 80.2120461, 12.9804028 ] ] } },
{ "type": "Feature", "properties": { "osm_id": "1249399188", "name": null, "highway": "residential" }, "geometry": { "type": "LineString", "coordinates": [ [ 80.2117611, 12.9800036 ], [ 80.2117377, 12.9803661 ] ] } },
{ "type": "Feature", "properties": { "osm_id": "1249402589", "name": null, "highway": "residential" }, "geometry": { "type": "LineString", "coordinates": [ [ 80.2250934, 12.9737606 ], [ 80.225614, 12.9738129 ] ] } },
{ "type": "Feature", "properties": { "osm_id": "1249403063", "name": null, "highway": "residential" }, "geometry": { "type": "LineString", "coordinates": [ [ 80.2260216, 12.9738876 ], [ 80.2263973, 12.9739015 ] ] } },
{ "type": "Feature", "properties": { "osm_id": "1249403064", "name": null, "highway": "residential" }, "geometry": { "type": "LineString", "coordinates": [ [ 80.2260266, 12.9734479 ], [ 80.2265063, 12.9734879 ] ] } },
{ "type": "Feature", "properties": { "osm_id": "1249878039", "name": null, "highway": "residential" }, "geometry": { "type": "LineString", "coordinates": [ [ 80.2257926, 12.9823945 ], [ 80.2258158, 12.9820333 ] ] } },
{ "type": "Feature", "properties": { "osm_id": "1249879740", "name": null, "highway": "residential" }, "geometry": { "type": "LineString", "coordinates": [ [ 80.2226675, 12.9800806 ], [ 80.222666, 12.9804905 ] ] } },
{ "type": "Feature", "properties": { "osm_id": "1249880942", "name": null, "highway": "residential" }, "geometry": { "type": "LineString", "coordinates": [ [ 80.21387, 12.9813007 ], [ 80.2144246, 12.9813328 ] ] } },
{ "type": "Feature", "properties": { "osm_id": "1249881995", "name": null, "highway": "residential" }, "geometry": { "type": "LineString", "coordinates": [ [ 80.2138417, 12.9856394 ], [ 80.2138453, 12.9860687 ] ] } },
{ "type": "Feature", "properties": { "osm_id": "1249886890", "name": null, "highway": "residential" }, "geometry": { "type": "LineString", "coordinates": [ [ 80.2165937, 12.9795799 ], [ 80.2166019, 12.9799167 ] ] } },
{ "type": "Feature", "properties": { "osm_id": "1250690839", "name": null, "highway": "residential" }, "geometry": { "type": "LineString", "coordinates": [ [ 80.2137557, 12.9742839 ], [ 80.2134785, 12.9742913 ], [ 80.2134575, 12.9742937 ], [ 80.2134368, 12.9743021 ], [ 80.2134257, 12.9743222 ], [ 80.2134242, 12.9743455 ], [ 80.2134296, 12.9747523 ], [ 80.2134337, 12.9750545 ] ] } },
{ "type": "Feature", "properties": { "osm_id": "1250691648", "name": null, "highway": "residential" }, "geometry": { "type": "LineString", "coordinates": [ [ 80.2119183, 12.9733426 ], [ 80.211891, 12.973344 ], [ 80.2113997, 12.9733648 ] ] } },
{ "type": "Feature", "properties": { "osm_id": "1250695928", "name": null, "highway": "residential" }, "geometry": { "type": "LineString", "coordinates": [ [ 80.2137668, 12.9759882 ], [ 80.2137793, 12.9757856 ] ] } },
{ "type": "Feature", "properties": { "osm_id": "1250697014", "name": null, "highway": "residential" }, "geometry": { "type": "LineString", "coordinates": [ [ 80.2147317, 12.9757331 ], [ 80.2147893, 12.9762232 ], [ 80.2147894, 12.9762378 ], [ 80.2147826, 12.9762479 ], [ 80.2147714, 12.9762557 ], [ 80.2145815, 12.9762872 ], [ 80.2145684, 12.9762874 ], [ 80.214558, 12.976282 ], [ 80.214554, 12.9762724 ], [ 80.2145182, 12.9761804 ], [ 80.2145076, 12.9761702 ], [ 80.2144927, 12.9761661 ], [ 80.2144771, 12.9761668 ], [ 80.2141639, 12.9761971 ] ] } },
{ "type": "Feature", "properties": { "osm_id": "1250699211", "name": null, "highway": "residential" }, "geometry": { "type": "LineString", "coordinates": [ [ 80.2149392, 12.9769947 ], [ 80.2149467, 12.9771711 ] ] } },
{ "type": "Feature", "properties": { "osm_id": "1251051348", "name": null, "highway": "residential" }, "geometry": { "type": "LineString", "coordinates": [ [ 80.2197715, 12.9734225 ], [ 80.2196042, 12.9734615 ], [ 80.2194055, 12.9734948 ] ] } },
{ "type": "Feature", "properties": { "osm_id": "1251051349", "name": null, "highway": "residential" }, "geometry": { "type": "LineString", "coordinates": [ [ 80.2196895, 12.9732392 ], [ 80.2195657, 12.9732723 ], [ 80.219309, 12.9733014 ] ] } },
{ "type": "Feature", "properties": { "osm_id": "1251051350", "name": null, "highway": "residential" }, "geometry": { "type": "LineString", "coordinates": [ [ 80.2195657, 12.9732723 ], [ 80.2196042, 12.9734615 ] ] } },
{ "type": "Feature", "properties": { "osm_id": "1252352878", "name": null, "highway": "residential" }, "geometry": { "type": "LineString", "coordinates": [ [ 80.225368, 12.9863616 ], [ 80.225386, 12.9864229 ] ] } },
{ "type": "Feature", "properties": { "osm_id": "1266392264", "name": null, "highway": "living_street" }, "geometry": { "type": "LineString", "coordinates": [ [ 80.2287608, 12.9841357 ], [ 80.2289781, 12.9841278 ] ] } },
{ "type": "Feature", "properties": { "osm_id": "1266392270", "name": null, "highway": "residential" }, "geometry": { "type": "LineString", "coordinates": [ [ 80.2276505, 12.9840291 ], [ 80.2276753, 12.9840237 ], [ 80.2278254, 12.9839909 ], [ 80.2279587, 12.9839665 ], [ 80.2279652, 12.9839117 ], [ 80.2279757, 12.9839019 ], [ 80.228093, 12.9838874 ], [ 80.2281158, 12.9838887 ], [ 80.2281278, 12.9838965 ], [ 80.2281319, 12.9839096 ], [ 80.2281252, 12.9842422 ], [ 80.2281235, 12.9842495 ], [ 80.2281211, 12.9842533 ], [ 80.2281149, 12.9842566 ], [ 80.2281064, 12.9842567 ], [ 80.2279783, 12.9842624 ], [ 80.2279605, 12.9842551 ], [ 80.2279587, 12.9842339 ], [ 80.2279587, 12.9839665 ] ] } },
{ "type": "Feature", "properties": { "osm_id": "1266392271", "name": null, "highway": "service" }, "geometry": { "type": "LineString", "coordinates": [ [ 80.2278403, 12.9859739 ], [ 80.2278703, 12.9860959 ] ] } },
{ "type": "Feature", "properties": { "osm_id": "1266392272", "name": null, "highway": "service" }, "geometry": { "type": "LineString", "coordinates": [ [ 80.2264917, 12.9862028 ], [ 80.2265131, 12.986339 ] ] } },
{ "type": "Feature", "properties": { "osm_id": "1267103244", "name": null, "highway": "residential" }, "geometry": { "type": "LineString", "coordinates": [ [ 80.2166428, 12.9817226 ], [ 80.2160014, 12.9816751 ] ] } },
{ "type": "Feature", "properties": { "osm_id": "1267103245", "name": null, "highway": "residential" }, "geometry": { "type": "LineString", "coordinates": [ [ 80.2160138, 12.9815198 ], [ 80.2157799, 12.9815059 ] ] } },
{ "type": "Feature", "properties": { "osm_id": "1267103246", "name": null, "highway": "residential" }, "geometry": { "type": "LineString", "coordinates": [ [ 80.2160284, 12.9786456 ], [ 80.2158675, 12.9786261 ] ] } },
{ "type": "Feature", "properties": { "osm_id": "1267103247", "name": null, "highway": "residential" }, "geometry": { "type": "LineString", "coordinates": [ [ 80.2122525, 12.9773865 ], [ 80.2123392, 12.9773957 ], [ 80.2124679, 12.9774055 ] ] } },
{ "type": "Feature", "properties": { "osm_id": "1267103248", "name": null, "highway": "residential" }, "geometry": { "type": "LineString", "coordinates": [ [ 80.2138483, 12.9816848 ], [ 80.2130956, 12.9816467 ] ] } },
{ "type": "Feature", "properties": { "osm_id": "1267103249", "name": "7th Cross Street", "highway": "residential" }, "geometry": { "type": "LineString", "coordinates": [ [ 80.2111804, 12.9792201 ], [ 80.2112061, 12.9788912 ] ] } },
{ "type": "Feature", "properties": { "osm_id": "1267103250", "name": "2nd Main Road", "highway": "residential" }, "geometry": { "type": "LineString", "coordinates": [ [ 80.2138023, 12.9786004 ], [ 80.2139822, 12.978641 ], [ 80.2150165, 12.9788194 ], [ 80.2159685, 12.9789872 ], [ 80.2160894, 12.979009 ], [ 80.2161215, 12.979024 ], [ 80.2161437, 12.9790469 ], [ 80.2161531, 12.9790795 ], [ 80.2161475, 12.9793026 ], [ 80.2161314, 12.9795652 ] ] } },
{ "type": "Feature", "properties": { "osm_id": "1267273629", "name": null, "highway": "residential" }, "geometry": { "type": "LineString", "coordinates": [ [ 80.2191447, 12.9861922 ], [ 80.2191947, 12.9863847 ] ] } },
{ "type": "Feature", "properties": { "osm_id": "1267273630", "name": null, "highway": "residential" }, "geometry": { "type": "LineString", "coordinates": [ [ 80.2189748, 12.9862318 ], [ 80.2190284, 12.9864108 ] ] } },
{ "type": "Feature", "properties": { "osm_id": "1267273631", "name": null, "highway": "residential" }, "geometry": { "type": "LineString", "coordinates": [ [ 80.2218139, 12.9863233 ], [ 80.2216892, 12.9863605 ] ] } },
{ "type": "Feature", "properties": { "osm_id": "1267273632", "name": null, "highway": "residential" }, "geometry": { "type": "LineString", "coordinates": [ [ 80.2222179, 12.9863942 ], [ 80.2221063, 12.9859156 ] ] } },
{ "type": "Feature", "properties": { "osm_id": "1267273633", "name": null, "highway": "residential" }, "geometry": { "type": "LineString", "coordinates": [ [ 80.2218676, 12.9865141 ], [ 80.2218139, 12.9863233 ], [ 80.221771, 12.9861717 ] ] } },
{ "type": "Feature", "properties": { "osm_id": "1267273634", "name": null, "highway": "service" }, "geometry": { "type": "LineString", "coordinates": [ [ 80.2207679, 12.9872524 ], [ 80.2207196, 12.9871649 ] ] } },
{ "type": "Feature", "properties": { "osm_id": "1267273635", "name": null, "highway": "living_street" }, "geometry": { "type": "LineString", "coordinates": [ [ 80.2205573, 12.9873596 ], [ 80.2203669, 12.986991 ] ] } },
{ "type": "Feature", "properties": { "osm_id": "1267273636", "name": null, "highway": "living_street" }, "geometry": { "type": "LineString", "coordinates": [ [ 80.2205954, 12.9879964 ], [ 80.2207008, 12.9882207 ] ] } },
{ "type": "Feature", "properties": { "osm_id": "1267273637", "name": null, "highway": "residential" }, "geometry": { "type": "LineString", "coordinates": [ [ 80.2221745, 12.9888541 ], [ 80.2220245, 12.9886441 ], [ 80.2219172, 12.9884952 ], [ 80.2219118, 12.9884743 ], [ 80.2219132, 12.9884547 ], [ 80.2219232, 12.9884396 ], [ 80.2220882, 12.9883351 ], [ 80.2221076, 12.9883325 ], [ 80.2221304, 12.9883364 ], [ 80.2221519, 12.9883482 ], [ 80.222389, 12.9886732 ] ] } },
{ "type": "Feature", "properties": { "osm_id": "1267273638", "name": null, "highway": "residential" }, "geometry": { "type": "LineString", "coordinates": [ [ 80.219966, 12.9867024 ], [ 80.2201717, 12.9871851 ], [ 80.2201754, 12.98719 ], [ 80.2201818, 12.9871946 ], [ 80.2201868, 12.9871959 ], [ 80.2201965, 12.9871946 ], [ 80.2202039, 12.9871936 ], [ 80.2202126, 12.9871952 ], [ 80.22022, 12.9871988 ], [ 80.2202271, 12.9872054 ], [ 80.2202334, 12.9872175 ], [ 80.2203514, 12.9874826 ] ] } },
{ "type": "Feature", "properties": { "osm_id": "1267273639", "name": null, "highway": "living_street" }, "geometry": { "type": "LineString", "coordinates": [ [ 80.2211273, 12.9864252 ], [ 80.220843, 12.9864984 ] ] } },
{ "type": "Feature", "properties": { "osm_id": "1267279327", "name": null, "highway": "residential" }, "geometry": { "type": "LineString", "coordinates": [ [ 80.2167124, 12.9849903 ], [ 80.2166976, 12.9849407 ], [ 80.2166956, 12.9848525 ], [ 80.2167016, 12.984792 ], [ 80.2167056, 12.9847773 ], [ 80.216707, 12.9847616 ], [ 80.2167196, 12.9843949 ] ] } },
{ "type": "Feature", "properties": { "osm_id": "1267279328", "name": "4th Street", "highway": "residential" }, "geometry": { "type": "LineString", "coordinates": [ [ 80.2145732, 12.9850984 ], [ 80.2146041, 12.9850883 ], [ 80.215563, 12.985155 ], [ 80.2155834, 12.9851658 ] ] } },
{ "type": "Feature", "properties": { "osm_id": "1267279329", "name": "3rd Street", "highway": "residential" }, "geometry": { "type": "LineString", "coordinates": [ [ 80.2145819, 12.9854935 ], [ 80.2149773, 12.9855066 ], [ 80.2152286, 12.98552 ], [ 80.2156002, 12.9855512 ] ] } },
{ "type": "Feature", "properties": { "osm_id": "1267279330", "name": "3rd Cross Street", "highway": "residential" }, "geometry": { "type": "LineString", "coordinates": [ [ 80.2154867, 12.9863988 ], [ 80.2154538, 12.9860749 ], [ 80.2154484, 12.986047 ], [ 80.2154356, 12.9860247 ], [ 80.2154155, 12.9860123 ], [ 80.2153798, 12.9860023 ] ] } },
{ "type": "Feature", "properties": { "osm_id": "1267279331", "name": "2nd Cross Street", "highway": "residential" }, "geometry": { "type": "LineString", "coordinates": [ [ 80.2157696, 12.9857967 ], [ 80.2158031, 12.985811 ], [ 80.2158272, 12.9858345 ], [ 80.2158843, 12.9863751 ] ] } },
{ "type": "Feature", "properties": { "osm_id": "1267279332", "name": "9th Street", "highway": "residential" }, "geometry": { "type": "LineString", "coordinates": [ [ 80.2141611, 12.9861523 ], [ 80.2141508, 12.9861246 ], [ 80.2141602, 12.9856921 ], [ 80.2141582, 12.9856646 ], [ 80.2141527, 12.9856525 ], [ 80.2141381, 12.9856405 ], [ 80.2141187, 12.9856372 ] ] } },
{ "type": "Feature", "properties": { "osm_id": "1267279333", "name": "Netaji Street", "highway": "residential" }, "geometry": { "type": "LineString", "coordinates": [ [ 80.213618, 12.9857555 ], [ 80.213599, 12.9857587 ], [ 80.2135775, 12.9857581 ], [ 80.2129368, 12.985754 ] ] } },
{ "type": "Feature", "properties": { "osm_id": "1267279334", "name": null, "highway": "residential" }, "geometry": { "type": "LineString", "coordinates": [ [ 80.2125179, 12.9839422 ], [ 80.2122063, 12.9838975 ], [ 80.2116992, 12.983839 ] ] } },
{ "type": "Feature", "properties": { "osm_id": "1267279335", "name": "2nd Main Road", "highway": "residential" }, "geometry": { "type": "LineString", "coordinates": [ [ 80.2165411, 12.9843757 ], [ 80.2165558, 12.9841594 ], [ 80.2165805, 12.9837954 ], [ 80.2166119, 12.9833932 ] ] } },
{ "type": "Feature", "properties": { "osm_id": "1267284675", "name": null, "highway": "living_street" }, "geometry": { "type": "LineString", "coordinates": [ [ 80.2157568, 12.988738 ], [ 80.2157991, 12.9887278 ], [ 80.2159667, 12.9887827 ] ] } },
{ "type": "Feature", "properties": { "osm_id": "1267284676", "name": null, "highway": "service" }, "geometry": { "type": "LineString", "coordinates": [ [ 80.2170587, 12.9878553 ], [ 80.2171187, 12.9880208 ] ] } },
{ "type": "Feature", "properties": { "osm_id": "1267284677", "name": null, "highway": "service" }, "geometry": { "type": "LineString", "coordinates": [ [ 80.2169403, 12.9885383 ], [ 80.2168813, 12.9883109 ] ] } },
{ "type": "Feature", "properties": { "osm_id": "1267284678", "name": null, "highway": "residential" }, "geometry": { "type": "LineString", "coordinates": [ [ 80.2162883, 12.9886611 ], [ 80.2160433, 12.988311 ] ] } },
{ "type": "Feature", "properties": { "osm_id": "1267284681", "name": "1st Cross Street", "highway": "residential" }, "geometry": { "type": "LineString", "coordinates": [ [ 80.2170898, 12.9850354 ], [ 80.2171231, 12.9844131 ] ] } },
{ "type": "Feature", "properties": { "osm_id": "1267284682", "name": "Sakthi Vijayalkshmi Road", "highway": "residential" }, "geometry": { "type": "LineString", "coordinates": [ [ 80.217889, 12.9856366 ], [ 80.2167392, 12.9860626 ], [ 80.2166761, 12.986056 ] ] } },
{ "type": "Feature", "properties": { "osm_id": "1267284683", "name": "Sasi Nagar Road", "highway": "residential" }, "geometry": { "type": "LineString", "coordinates": [ [ 80.2167539, 12.9864566 ], [ 80.2169725, 12.986437 ], [ 80.2179865, 12.9861744 ] ] } },
{ "type": "Feature", "properties": { "osm_id": "1267284684", "name": null, "highway": "residential" }, "geometry": { "type": "LineString", "coordinates": [ [ 80.2167539, 12.9864566 ], [ 80.2167714, 12.986663 ] ] } },
{ "type": "Feature", "properties": { "osm_id": "1268084728", "name": "Lake View Road", "highway": "residential" }, "geometry": { "type": "LineString", "coordinates": [ [ 80.2142335, 12.9869134 ], [ 80.2142957, 12.9869427 ], [ 80.2143663, 12.9869658 ] ] } },
{ "type": "Feature", "properties": { "osm_id": "1268084729", "name": "Lake View Road", "highway": "residential" }, "geometry": { "type": "LineString", "coordinates": [ [ 80.2136016, 12.9869345 ], [ 80.2137709, 12.9869288 ], [ 80.2142335, 12.9869134 ] ] } },
{ "type": "Feature", "properties": { "osm_id": "1269419302", "name": null, "highway": "residential" }, "geometry": { "type": "LineString", "coordinates": [ [ 80.2175872, 12.9852798 ], [ 80.2175781, 12.9850688 ] ] } },
{ "type": "Feature", "properties": { "osm_id": "1270309682", "name": null, "highway": "residential" }, "geometry": { "type": "LineString", "coordinates": [ [ 80.2112587, 12.9838073 ], [ 80.2112633, 12.9837939 ], [ 80.2112775, 12.9837871 ], [ 80.2113183, 12.98378 ], [ 80.2113341, 12.9837728 ], [ 80.2113413, 12.983763 ], [ 80.2113465, 12.9837397 ], [ 80.2113525, 12.9836925 ], [ 80.2114167, 12.983135 ], [ 80.211434, 12.983051 ] ] } },
{ "type": "Feature", "properties": { "osm_id": "1270310866", "name": null, "highway": "residential" }, "geometry": { "type": "LineString", "coordinates": [ [ 80.2112633, 12.9837939 ], [ 80.2111299, 12.9837464 ], [ 80.2111155, 12.9837376 ], [ 80.2111129, 12.9837255 ], [ 80.2111125, 12.9837017 ], [ 80.211158, 12.9832418 ] ] } },
{ "type": "Feature", "properties": { "osm_id": "1270311392", "name": null, "highway": "residential" }, "geometry": { "type": "LineString", "coordinates": [ [ 80.2110493, 12.98312 ], [ 80.2114167, 12.983135 ] ] } },
{ "type": "Feature", "properties": { "osm_id": "1270311673", "name": null, "highway": "residential" }, "geometry": { "type": "LineString", "coordinates": [ [ 80.2123848, 12.9804612 ], [ 80.2123939, 12.9800937 ] ] } },
{ "type": "Feature", "properties": { "osm_id": "1270312687", "name": null, "highway": "residential" }, "geometry": { "type": "LineString", "coordinates": [ [ 80.2138254, 12.986429 ], [ 80.2138137, 12.9862063 ], [ 80.2138093, 12.9861818 ], [ 80.2137948, 12.9861678 ], [ 80.2137466, 12.9861647 ], [ 80.2137236, 12.9861581 ], [ 80.2137084, 12.9861376 ], [ 80.2137013, 12.9861082 ], [ 80.2136439, 12.9857195 ] ] } },
{ "type": "Feature", "properties": { "osm_id": "1270312820", "name": null, "highway": "residential" }, "geometry": { "type": "LineString", "coordinates": [ [ 80.2151919, 12.9837098 ], [ 80.2151631, 12.9841906 ] ] } },
{ "type": "Feature", "properties": { "osm_id": "1270316624", "name": null, "highway": "residential" }, "geometry": { "type": "LineString", "coordinates": [ [ 80.2185792, 12.9843056 ], [ 80.2185526, 12.9846238 ] ] } },
{ "type": "Feature", "properties": { "osm_id": "1270321046", "name": null, "highway": "residential" }, "geometry": { "type": "LineString", "coordinates": [ [ 80.219046, 12.9843603 ], [ 80.2190475, 12.9843409 ], [ 80.2190699, 12.9840565 ], [ 80.2190691, 12.9840329 ], [ 80.2190587, 12.984013 ], [ 80.2189931, 12.9840104 ], [ 80.2189714, 12.9840292 ], [ 80.2189637, 12.984058 ], [ 80.2189395, 12.9843244 ], [ 80.2189374, 12.9843476 ] ] } },
{ "type": "Feature", "properties": { "osm_id": "1270321407", "name": null, "highway": "residential" }, "geometry": { "type": "LineString", "coordinates": [ [ 80.218905, 12.9843438 ], [ 80.2189068, 12.9843226 ], [ 80.2189295, 12.9840614 ], [ 80.2189274, 12.9840502 ], [ 80.2189232, 12.9840415 ], [ 80.2189153, 12.9840351 ], [ 80.2188994, 12.984033 ], [ 80.2188287, 12.9840347 ], [ 80.2188209, 12.9840393 ], [ 80.2188173, 12.9840506 ], [ 80.2188153, 12.984106 ], [ 80.2188073, 12.9842193 ], [ 80.2188009, 12.9843109 ], [ 80.2187995, 12.9843314 ] ] } },
{ "type": "Feature", "properties": { "osm_id": "1271354545", "name": null, "highway": "residential" }, "geometry": { "type": "LineString", "coordinates": [ [ 80.2151511, 12.9781009 ], [ 80.215508, 12.9781444 ], [ 80.2155433, 12.9782239 ], [ 80.2156911, 12.9782768 ] ] } },
{ "type": "Feature", "properties": { "osm_id": "1271355280", "name": null, "highway": "residential" }, "geometry": { "type": "LineString", "coordinates": [ [ 80.2167783, 12.9800775 ], [ 80.2168983, 12.9799654 ] ] } },
{ "type": "Feature", "properties": { "osm_id": "1271355849", "name": null, "highway": "service" }, "geometry": { "type": "LineString", "coordinates": [ [ 80.2185054, 12.9797564 ], [ 80.2184603, 12.9797194 ], [ 80.2184432, 12.9796699 ], [ 80.2184578, 12.9796132 ], [ 80.218504, 12.9795846 ], [ 80.2185724, 12.9795876 ] ] } },
{ "type": "Feature", "properties": { "osm_id": "1274060799", "name": null, "highway": "service" }, "geometry": { "type": "LineString", "coordinates": [ [ 80.2192206, 12.9843793 ], [ 80.2192215, 12.984356 ], [ 80.2192318, 12.9840941 ] ] } },
{ "type": "Feature", "properties": { "osm_id": "1274061501", "name": null, "highway": "residential" }, "geometry": { "type": "LineString", "coordinates": [ [ 80.2202354, 12.9800502 ], [ 80.219936, 12.9800589 ] ] } },
{ "type": "Feature", "properties": { "osm_id": "1274066412", "name": null, "highway": "residential" }, "geometry": { "type": "LineString", "coordinates": [ [ 80.2191098, 12.979235 ], [ 80.2190395, 12.9792201 ], [ 80.2188732, 12.9791846 ] ] } },
{ "type": "Feature", "properties": { "osm_id": "1274066413", "name": null, "highway": "residential" }, "geometry": { "type": "LineString", "coordinates": [ [ 80.2191098, 12.979235 ], [ 80.2190893, 12.9792776 ] ] } },
{ "type": "Feature", "properties": { "osm_id": "1274067702", "name": null, "highway": "service" }, "geometry": { "type": "LineString", "coordinates": [ [ 80.2201483, 12.9795692 ], [ 80.2201422, 12.9796216 ], [ 80.2201329, 12.9796384 ], [ 80.2201159, 12.9796471 ], [ 80.2196633, 12.9796268 ], [ 80.2196529, 12.9796097 ], [ 80.2196529, 12.9795746 ], [ 80.2196936, 12.9791892 ], [ 80.2197055, 12.9791762 ], [ 80.2197327, 12.9791762 ], [ 80.2201377, 12.9792034 ] ] } },
{ "type": "Feature", "properties": { "osm_id": "1274354083", "name": null, "highway": "residential" }, "geometry": { "type": "LineString", "coordinates": [ [ 80.2198639, 12.9775405 ], [ 80.2200478, 12.9775415 ], [ 80.2200465, 12.977651 ], [ 80.2200447, 12.9778114 ], [ 80.2198653, 12.9778087 ], [ 80.2198639, 12.9775405 ] ] } },
{ "type": "Feature", "properties": { "osm_id": "1274354214", "name": null, "highway": "residential" }, "geometry": { "type": "LineString", "coordinates": [ [ 80.2195108, 12.9778859 ], [ 80.2195866, 12.9778943 ], [ 80.2197892, 12.9779168 ] ] } },
{ "type": "Feature", "properties": { "osm_id": "1274354515", "name": null, "highway": "residential" }, "geometry": { "type": "LineString", "coordinates": [ [ 80.2191825, 12.9779737 ], [ 80.219095, 12.9779223 ], [ 80.2190787, 12.9779028 ], [ 80.2190701, 12.9778614 ], [ 80.2190806, 12.9775489 ] ] } },
{ "type": "Feature", "properties": { "osm_id": "1274355703", "name": null, "highway": "residential" }, "geometry": { "type": "LineString", "coordinates": [ [ 80.2224838, 12.9775548 ], [ 80.222481, 12.977589 ], [ 80.2224555, 12.9778976 ] ] } },
{ "type": "Feature", "properties": { "osm_id": "1274356480", "name": null, "highway": "residential" }, "geometry": { "type": "LineString", "coordinates": [ [ 80.2226134, 12.9780693 ], [ 80.2226139, 12.9780114 ], [ 80.2226089, 12.9779974 ], [ 80.2225957, 12.9779898 ], [ 80.222472, 12.9779928 ], [ 80.2223391, 12.9779276 ], [ 80.2222729, 12.9778842 ], [ 80.2222371, 12.9778483 ], [ 80.22221, 12.9778207 ], [ 80.2222104, 12.9777432 ], [ 80.2222201, 12.9775795 ], [ 80.2222232, 12.977541 ] ] } },
{ "type": "Feature", "properties": { "osm_id": "1274358018", "name": null, "highway": "service" }, "geometry": { "type": "LineString", "coordinates": [ [ 80.2213366, 12.9785856 ], [ 80.221324, 12.9787598 ] ] } },
{ "type": "Feature", "properties": { "osm_id": "1274360627", "name": null, "highway": "residential" }, "geometry": { "type": "LineString", "coordinates": [ [ 80.2234271, 12.9835895 ], [ 80.223404, 12.9838273 ] ] } },
{ "type": "Feature", "properties": { "osm_id": "1274361966", "name": null, "highway": "residential" }, "geometry": { "type": "LineString", "coordinates": [ [ 80.2237598, 12.984196 ], [ 80.2237267, 12.984204 ], [ 80.2234099, 12.9842807 ], [ 80.2234029, 12.9842917 ], [ 80.2234008, 12.9843063 ], [ 80.2234523, 12.9845573 ], [ 80.2234683, 12.9845629 ], [ 80.2234856, 12.984561 ], [ 80.2237461, 12.9845151 ], [ 80.2237743, 12.9845101 ] ] } },
{ "type": "Feature", "properties": { "osm_id": "1274362208", "name": null, "highway": "service" }, "geometry": { "type": "LineString", "coordinates": [ [ 80.2231255, 12.9847671 ], [ 80.223178, 12.9847395 ], [ 80.2233699, 12.9846287 ], [ 80.2234562, 12.9845896 ] ] } },
{ "type": "Feature", "properties": { "osm_id": "1274374215", "name": null, "highway": "residential" }, "geometry": { "type": "LineString", "coordinates": [ [ 80.2254226, 12.9863491 ], [ 80.2254134, 12.9863128 ], [ 80.2252712, 12.9857517 ], [ 80.2252712, 12.9857312 ], [ 80.2252817, 12.9857098 ], [ 80.225389, 12.9856663 ], [ 80.2254075, 12.9856696 ], [ 80.2254162, 12.985687 ], [ 80.2255292, 12.9862842 ], [ 80.2255364, 12.9863236 ] ] } },
{ "type": "Feature", "properties": { "osm_id": "1274374389", "name": null, "highway": "residential" }, "geometry": { "type": "LineString", "coordinates": [ [ 80.2254156, 12.9863507 ], [ 80.2254939, 12.9866322 ] ] } },
{ "type": "Feature", "properties": { "osm_id": "1274375229", "name": null, "highway": "living_street" }, "geometry": { "type": "LineString", "coordinates": [ [ 80.2281808, 12.9847775 ], [ 80.2281917, 12.9851312 ] ] } },
{ "type": "Feature", "properties": { "osm_id": "1274375230", "name": null, "highway": "living_street" }, "geometry": { "type": "LineString", "coordinates": [ [ 80.2280354, 12.9847862 ], [ 80.2280312, 12.9850728 ] ] } },
{ "type": "Feature", "properties": { "osm_id": "1276057233", "name": "Andalam avenue", "highway": "residential" }, "geometry": { "type": "LineString", "coordinates": [ [ 80.2265731, 12.9866564 ], [ 80.226379, 12.986678 ] ] } },
{ "type": "Feature", "properties": { "osm_id": "1287590622", "name": "Murugan Nagar Extension 1st Street", "highway": "residential" }, "geometry": { "type": "LineString", "coordinates": [ [ 80.2129148, 12.9767053 ], [ 80.2129016, 12.9768494 ], [ 80.2129013, 12.9768605 ], [ 80.2129042, 12.9768736 ] ] } },
{ "type": "Feature", "properties": { "osm_id": "1288576576", "name": "Murugan Nagar Extension 1st Street", "highway": "residential" }, "geometry": { "type": "LineString", "coordinates": [ [ 80.2129794, 12.9760344 ], [ 80.2129448, 12.9763794 ], [ 80.2129219, 12.9766287 ] ] } },
{ "type": "Feature", "properties": { "osm_id": "1288576577", "name": null, "highway": "residential" }, "geometry": { "type": "LineString", "coordinates": [ [ 80.213639, 12.9736528 ], [ 80.2130977, 12.9736589 ] ] } },
{ "type": "Feature", "properties": { "osm_id": "1288576578", "name": null, "highway": "residential" }, "geometry": { "type": "LineString", "coordinates": [ [ 80.2136613, 12.9737726 ], [ 80.213639, 12.9736528 ] ] } },
{ "type": "Feature", "properties": { "osm_id": "1288649399", "name": "Taramani Road", "highway": "primary" }, "geometry": { "type": "LineString", "coordinates": [ [ 80.2211155, 12.975928 ], [ 80.2211689, 12.9759744 ], [ 80.2212421, 12.9760295 ], [ 80.2213325, 12.9760873 ] ] } },
{ "type": "Feature", "properties": { "osm_id": "1298947256", "name": null, "highway": "service" }, "geometry": { "type": "LineString", "coordinates": [ [ 80.2169933, 12.9837678 ], [ 80.2166935, 12.9837648 ], [ 80.2166736, 12.9837768 ], [ 80.2166628, 12.9837978 ], [ 80.2166533, 12.9838978 ] ] } },
{ "type": "Feature", "properties": { "osm_id": "1298947257", "name": null, "highway": "service" }, "geometry": { "type": "LineString", "coordinates": [ [ 80.2172626, 12.983192 ], [ 80.2172545, 12.9833374 ] ] } },
{ "type": "Feature", "properties": { "osm_id": "1298947313", "name": null, "highway": "residential" }, "geometry": { "type": "LineString", "coordinates": [ [ 80.2165878, 12.9826623 ], [ 80.217271, 12.9827256 ] ] } },
{ "type": "Feature", "properties": { "osm_id": "1299035902", "name": null, "highway": "residential" }, "geometry": { "type": "LineString", "coordinates": [ [ 80.2263427, 12.9830802 ], [ 80.2263595, 12.9833181 ], [ 80.2263764, 12.9835555 ] ] } },
{ "type": "Feature", "properties": { "osm_id": "1299270876", "name": "Avvai Street", "highway": "residential" }, "geometry": { "type": "LineString", "coordinates": [ [ 80.2262664, 12.9762296 ], [ 80.2269675, 12.9764404 ] ] } },
{ "type": "Feature", "properties": { "osm_id": "1299279605", "name": null, "highway": "residential" }, "geometry": { "type": "LineString", "coordinates": [ [ 80.2133301, 12.9782602 ], [ 80.2130887, 12.9782185 ] ] } },
{ "type": "Feature", "properties": { "osm_id": "1299281283", "name": null, "highway": "residential" }, "geometry": { "type": "LineString", "coordinates": [ [ 80.2130699, 12.9789541 ], [ 80.2130638, 12.9791799 ] ] } },
{ "type": "Feature", "properties": { "osm_id": "1299281284", "name": null, "highway": "residential" }, "geometry": { "type": "LineString", "coordinates": [ [ 80.213608, 12.9789649 ], [ 80.2136164, 12.9791356 ] ] } },
{ "type": "Feature", "properties": { "osm_id": "1299913540", "name": null, "highway": "residential" }, "geometry": { "type": "LineString", "coordinates": [ [ 80.2181637, 12.977869 ], [ 80.218176, 12.9778897 ], [ 80.2181778, 12.9779233 ], [ 80.2181389, 12.9785948 ] ] } },
{ "type": "Feature", "properties": { "osm_id": "1299914363", "name": null, "highway": "residential" }, "geometry": { "type": "LineString", "coordinates": [ [ 80.21618, 12.9778241 ], [ 80.2161666, 12.9778528 ], [ 80.2161354, 12.9778785 ], [ 80.2161272, 12.977899 ] ] } },
{ "type": "Feature", "properties": { "osm_id": "1309405574", "name": "Lakshmipuram Street", "highway": "residential" }, "geometry": { "type": "LineString", "coordinates": [ [ 80.2193054, 12.9879696 ], [ 80.2192781, 12.9879637 ], [ 80.2192557, 12.9879452 ], [ 80.2188346, 12.987153 ] ] } },
{ "type": "Feature", "properties": { "osm_id": "1313404270", "name": "Tansi Nagar 15 th street", "highway": "primary_link" }, "geometry": { "type": "LineString", "coordinates": [ [ 80.2253209, 12.9782589 ], [ 80.2252635, 12.9783717 ] ] } },
{ "type": "Feature", "properties": { "osm_id": "1313409181", "name": "Major Mukund Varadharajan Salai", "highway": "primary" }, "geometry": { "type": "LineString", "coordinates": [ [ 80.2194122, 12.9719844 ], [ 80.2193682, 12.9718808 ], [ 80.2193515, 12.9718275 ], [ 80.2193367, 12.9717903 ], [ 80.2192707, 12.9716252 ], [ 80.219131, 12.9712759 ] ] } },
{ "type": "Feature", "properties": { "osm_id": "1313409182", "name": "Velachery Lower Flyover", "highway": "primary" }, "geometry": { "type": "LineString", "coordinates": [ [ 80.219481, 12.9723039 ], [ 80.2194572, 12.9722275 ], [ 80.2194091, 12.9720711 ], [ 80.2194048, 12.9720356 ], [ 80.2194122, 12.9719844 ] ] } },
{ "type": "Feature", "properties": { "osm_id": "1318145471", "name": "4th Main Road", "highway": "residential" }, "geometry": { "type": "LineString", "coordinates": [ [ 80.2199252, 12.9837032 ], [ 80.2201893, 12.9837019 ], [ 80.2204737, 12.9837034 ] ] } },
{ "type": "Feature", "properties": { "osm_id": "1318145472", "name": "RajaLaxmi Nagar 3rd Main Road", "highway": "tertiary" }, "geometry": { "type": "LineString", "coordinates": [ [ 80.2199068, 12.9844386 ], [ 80.2203291, 12.9844422 ], [ 80.220623, 12.984393 ] ] } },
{ "type": "Feature", "properties": { "osm_id": "1318145473", "name": "RajaLaxmi Nagar 5th cross Street", "highway": "residential" }, "geometry": { "type": "LineString", "coordinates": [ [ 80.2199252, 12.9837032 ], [ 80.2199068, 12.9844386 ] ] } },
{ "type": "Feature", "properties": { "osm_id": "1322936253", "name": "4th Main Road", "highway": "residential" }, "geometry": { "type": "LineString", "coordinates": [ [ 80.2276129, 12.9723255 ], [ 80.2278006, 12.9723322 ] ] } },
{ "type": "Feature", "properties": { "osm_id": "1323165648", "name": null, "highway": "residential" }, "geometry": { "type": "LineString", "coordinates": [ [ 80.2210859, 12.981247 ], [ 80.2206863, 12.9813188 ] ] } },
{ "type": "Feature", "properties": { "osm_id": "1324152256", "name": "Perungudi Station Road", "highway": "tertiary" }, "geometry": { "type": "LineString", "coordinates": [ [ 80.2269419, 12.9711007 ], [ 80.2268972, 12.9710565 ], [ 80.2253082, 12.9694874 ], [ 80.2248593, 12.9691066 ], [ 80.2247612, 12.9690329 ], [ 80.2242973, 12.9687078 ], [ 80.2240565, 12.9685391 ] ] } },
{ "type": "Feature", "properties": { "osm_id": "1327197274", "name": "6th Main Road", "highway": "residential" }, "geometry": { "type": "LineString", "coordinates": [ [ 80.2161626, 12.9711221 ], [ 80.2186334, 12.9706652 ], [ 80.2186773, 12.9706567 ] ] } },
{ "type": "Feature", "properties": { "osm_id": "1327197275", "name": "Ram Nagar Main Road", "highway": "residential" }, "geometry": { "type": "LineString", "coordinates": [ [ 80.2160021, 12.9701452 ], [ 80.2161213, 12.9706674 ], [ 80.2161626, 12.9711221 ] ] } },
{ "type": "Feature", "properties": { "osm_id": "1331925836", "name": "RajaLaxmi Nagar 3rd Main Road", "highway": "tertiary" }, "geometry": { "type": "LineString", "coordinates": [ [ 80.2190934, 12.9843659 ], [ 80.2191853, 12.9843761 ], [ 80.2191936, 12.984377 ], [ 80.2192206, 12.9843793 ], [ 80.2199068, 12.9844386 ] ] } },
{ "type": "Feature", "properties": { "osm_id": "1350831322", "name": null, "highway": "residential" }, "geometry": { "type": "LineString", "coordinates": [ [ 80.2206684, 12.9750127 ], [ 80.2206923, 12.974954 ], [ 80.2207545, 12.9748014 ] ] } },
{ "type": "Feature", "properties": { "osm_id": "1369890029", "name": null, "highway": "residential" }, "geometry": { "type": "LineString", "coordinates": [ [ 80.212148, 12.97145 ], [ 80.2122186, 12.9715176 ] ] } },
{ "type": "Feature", "properties": { "osm_id": "1369903323", "name": null, "highway": "residential" }, "geometry": { "type": "LineString", "coordinates": [ [ 80.2248583, 12.9864803 ], [ 80.2248997, 12.98658 ], [ 80.2250809, 12.9870162 ] ] } },
{ "type": "Feature", "properties": { "osm_id": "1371657978", "name": null, "highway": "residential" }, "geometry": { "type": "LineString", "coordinates": [ [ 80.2184435, 12.9879886 ], [ 80.2188371, 12.9879175 ] ] } },
{ "type": "Feature", "properties": { "osm_id": "1377971136", "name": null, "highway": "service" }, "geometry": { "type": "LineString", "coordinates": [ [ 80.2213366, 12.9785856 ], [ 80.2211596, 12.97858 ] ] } },
{ "type": "Feature", "properties": { "osm_id": "1413418651", "name": null, "highway": "residential" }, "geometry": { "type": "LineString", "coordinates": [ [ 80.2164227, 12.9888454 ], [ 80.216302, 12.9886807 ], [ 80.2162883, 12.9886611 ] ] } },
{ "type": "Feature", "properties": { "osm_id": "1416750497", "name": "Vivekananda Street", "highway": "residential" }, "geometry": { "type": "LineString", "coordinates": [ [ 80.2268903, 12.9780291 ], [ 80.226238, 12.9780161 ] ] } },
{ "type": "Feature", "properties": { "osm_id": "1416750498", "name": "Vivekananda Street", "highway": "residential" }, "geometry": { "type": "LineString", "coordinates": [ [ 80.2277059, 12.9784282 ], [ 80.2274537, 12.9784206 ] ] } },
{ "type": "Feature", "properties": { "osm_id": "1433971465", "name": null, "highway": "residential" }, "geometry": { "type": "LineString", "coordinates": [ [ 80.2182454, 12.9762582 ], [ 80.2183726, 12.9762685 ], [ 80.2183915, 12.9762618 ], [ 80.2184021, 12.9762319 ], [ 80.2184046, 12.9758552 ] ] } },
{ "type": "Feature", "properties": { "osm_id": "1435895377", "name": null, "highway": "service" }, "geometry": { "type": "LineString", "coordinates": [ [ 80.2210704, 12.9721183 ], [ 80.2210349, 12.972005 ] ] } },
{ "type": "Feature", "properties": { "osm_id": "1467066124", "name": null, "highway": "residential" }, "geometry": { "type": "LineString", "coordinates": [ [ 80.2225872, 12.9877937 ], [ 80.2228367, 12.9879696 ], [ 80.2228623, 12.9879888 ], [ 80.2229244, 12.9880352 ] ] } },
{ "type": "Feature", "properties": { "osm_id": "1467066125", "name": null, "highway": "residential" }, "geometry": { "type": "LineString", "coordinates": [ [ 80.2224609, 12.98789 ], [ 80.2226054, 12.9881365 ], [ 80.2226224, 12.988151 ], [ 80.2226398, 12.9881565 ], [ 80.2226605, 12.9881538 ], [ 80.2226872, 12.9881483 ], [ 80.2228367, 12.9879696 ], [ 80.2229734, 12.9877784 ] ] } },
{ "type": "Feature", "properties": { "osm_id": "1467066126", "name": null, "highway": "residential" }, "geometry": { "type": "LineString", "coordinates": [ [ 80.2229734, 12.9877784 ], [ 80.2229748, 12.9877694 ], [ 80.2229707, 12.9877626 ], [ 80.2227992, 12.98767 ] ] } },
{ "type": "Feature", "properties": { "osm_id": "1467066127", "name": null, "highway": "residential" }, "geometry": { "type": "LineString", "coordinates": [ [ 80.2229734, 12.9877784 ], [ 80.223001, 12.9877914 ], [ 80.223065, 12.9878213 ] ] } },
{ "type": "Feature", "properties": { "osm_id": "1467066128", "name": null, "highway": "residential" }, "geometry": { "type": "LineString", "coordinates": [ [ 80.2227992, 12.98767 ], [ 80.2227919, 12.9876686 ], [ 80.2227801, 12.9876709 ], [ 80.2225872, 12.9877937 ] ] } },
{ "type": "Feature", "properties": { "osm_id": "1487226520", "name": "Sri Devi Karumari Amman Nagar 4th Street", "highway": "residential" }, "geometry": { "type": "LineString", "coordinates": [ [ 80.2163163, 12.9757796 ], [ 80.2171068, 12.9757663 ] ] } },
{ "type": "Feature", "properties": { "osm_id": "1487226521", "name": "Vijayanagar 2nd Main Road", "highway": "residential" }, "geometry": { "type": "LineString", "coordinates": [ [ 80.2171592, 12.9752845 ], [ 80.216449, 12.9752769 ] ] } },
{ "type": "Feature", "properties": { "osm_id": "1487226522", "name": "Sri Devi Karumari Amman Nagar 1st Street", "highway": "residential" }, "geometry": { "type": "LineString", "coordinates": [ [ 80.2162269, 12.9767723 ], [ 80.216184, 12.9767886 ], [ 80.215739, 12.9767351 ], [ 80.215677, 12.9767573 ], [ 80.2156717, 12.9768265 ], [ 80.2156623, 12.9769115 ], [ 80.2157052, 12.9769768 ], [ 80.215736, 12.9770435 ], [ 80.215724, 12.9775466 ] ] } },
{ "type": "Feature", "properties": { "osm_id": "1497094911", "name": null, "highway": "service" }, "geometry": { "type": "LineString", "coordinates": [ [ 80.2195467, 12.9723085 ], [ 80.2210349, 12.972005 ] ] } },
{ "type": "Feature", "properties": { "osm_id": "1500200433", "name": "Taramani Link Road", "highway": "primary" }, "geometry": { "type": "LineString", "coordinates": [ [ 80.2250841, 12.9783943 ], [ 80.2251037, 12.9784056 ], [ 80.2251212, 12.9784157 ] ] } },
{ "type": "Feature", "properties": { "osm_id": "1500200434", "name": "Taramani Link Road", "highway": "primary" }, "geometry": { "type": "LineString", "coordinates": [ [ 80.2251212, 12.9784157 ], [ 80.225212, 12.9784681 ] ] } },
{ "type": "Feature", "properties": { "osm_id": "1500200435", "name": "Taramani Link Road", "highway": "primary" }, "geometry": { "type": "LineString", "coordinates": [ [ 80.2252635, 12.9783717 ], [ 80.2251796, 12.978324 ] ] } },
{ "type": "Feature", "properties": { "osm_id": "1534897609", "name": null, "highway": "service" }, "geometry": { "type": "LineString", "coordinates": [ [ 80.2170732, 12.9814888 ], [ 80.2173286, 12.9815059 ], [ 80.2175019, 12.981523 ], [ 80.2174988, 12.9816439 ], [ 80.2174953, 12.9817239 ] ] } },
{ "type": "Feature", "properties": { "osm_id": "1536778498", "name": null, "highway": "service" }, "geometry": { "type": "LineString", "coordinates": [ [ 80.2251114, 12.9864214 ], [ 80.2251012, 12.9863818 ], [ 80.225091, 12.9863422 ], [ 80.2249729, 12.9859048 ], [ 80.2249504, 12.985873 ], [ 80.2249003, 12.9858691 ], [ 80.2247672, 12.9859054 ], [ 80.2247577, 12.9859253 ], [ 80.2247672, 12.9859516 ], [ 80.2248734, 12.9862822 ], [ 80.2248886, 12.9862947 ], [ 80.2249107, 12.9862947 ], [ 80.2249372, 12.986292 ], [ 80.2249536, 12.9863012 ], [ 80.224969, 12.986323 ], [ 80.2249801, 12.9863613 ], [ 80.2249911, 12.9864041 ], [ 80.2250021, 12.9864468 ] ] } },
{ "type": "Feature", "properties": { "osm_id": "1536778499", "name": null, "highway": "service" }, "geometry": { "type": "LineString", "coordinates": [ [ 80.225091, 12.9863422 ], [ 80.2249801, 12.9863613 ] ] } },
{ "type": "Feature", "properties": { "osm_id": "1539056184", "name": null, "highway": "residential" }, "geometry": { "type": "LineString", "coordinates": [ [ 80.2230224, 12.9744364 ], [ 80.2230143, 12.9741116 ] ] } },
{ "type": "Feature", "properties": { "osm_id": "1546546535", "name": null, "highway": "service" }, "geometry": { "type": "LineString", "coordinates": [ [ 80.2205307, 12.9894538 ], [ 80.2204851, 12.9893207 ], [ 80.2204685, 12.9892259 ], [ 80.2204733, 12.9892012 ], [ 80.2204835, 12.9891856 ], [ 80.220497, 12.9891664 ], [ 80.2205204, 12.9891464 ], [ 80.2205381, 12.9891355 ], [ 80.2209656, 12.9889572 ], [ 80.2209714, 12.9889552 ], [ 80.2209793, 12.9889545 ], [ 80.2209867, 12.988956 ], [ 80.2209926, 12.9889579 ], [ 80.2209967, 12.9889614 ], [ 80.2212796, 12.989363 ], [ 80.2212836, 12.9893749 ], [ 80.2212803, 12.9893862 ] ] } }
]
}
